endDate	PROLIFIC_PID	QID2	recordedDate	_recordId	userLanguage	responseId	progress	QID5	locationLatitude	finished	QID1	status	QID8	QID3	QID4	locationLongitude	ipAddress	startDate	duration	distributionChannel	QID6
2023-12-18T21:18:14Z	61702a401deb7d2565f96139	1	2023-12-18T21:18:14.747Z	R_6FQGWiFeCO9ZEjO	EN	R_6FQGWiFeCO9ZEjO	100	3	40.7718	1	1	0	5	1	4	-74.2098	172.59.209.3	2023-12-18T21:11:29Z	404	anonymous	3
2023-12-18T21:19:56Z	644f3fab7952c36c2bfa3393	1	2023-12-18T21:19:57.459Z	R_6y7mT5aJrpWnKMK	EN	R_6y7mT5aJrpWnKMK	100	2	32.7797	1	1	0	5	3	4	-96.8022	172.58.109.128	2023-12-18T21:14:14Z	342	anonymous	1
2023-12-18T21:22:33Z	6578eb199d938bc19925a731	1	2023-12-18T21:22:33.503Z	R_3iqhvMMK73ltYS4	EN	R_3iqhvMMK73ltYS4	100	3	38.9512	1	1	0	5	2	4	-76.4944	71.179.38.119	2023-12-18T21:20:51Z	101	anonymous	1
2023-12-18T21:22:38Z	5f9d53c5a1f16e2576a935ed	3	2023-12-18T21:22:39.080Z	R_75Tbx0g0Gy6EzU5	EN	R_75Tbx0g0Gy6EzU5	100	2	35.1936	1	3	0	4	1	4	-80.6865	174.216.4.142	2023-12-18T21:19:18Z	200	anonymous	3
2023-12-18T21:23:30Z	656ea4a8b59440aff1d9c6b9	1	2023-12-18T21:23:30.695Z	R_3sCJ4Sxzu4j6LSN	EN	R_3sCJ4Sxzu4j6LSN	100	1	42.3394	1	1	0	5	1	4	-122.8475	75.142.8.16	2023-12-18T21:21:18Z	131	anonymous	2
2023-12-18T21:23:55Z	654ac658b81dd20951dec032	1	2023-12-18T21:23:56.155Z	R_5pEDg3phXwy4K1L	EN	R_5pEDg3phXwy4K1L	100	3	33.5815	1	1	0	5	1	4	-85.0803	35.129.148.198	2023-12-18T21:22:20Z	95	anonymous	1
2023-12-18T21:27:28Z	6580ab64459a9ec6fcc653b3	1	2023-12-18T21:27:29.216Z	R_3DvB5p1dAD7SZ2O	EN	R_3DvB5p1dAD7SZ2O	100	4	39.1235	1	1	0	5	2	4	-88.5672	173.26.69.188	2023-12-18T21:25:38Z	109	anonymous	1
2023-12-18T21:30:54Z	61fa8f62f42b633229bbf165	1	2023-12-18T21:30:54.562Z	R_73Ttz6NGFam1omv	EN	R_73Ttz6NGFam1omv	100	3	39.6073	1	1	0	5	2	4	-84.1867	74.135.94.80	2023-12-18T21:25:57Z	296	anonymous	1
2023-12-18T21:31:43Z	655e4106d5167a59c54d7dde	1	2023-12-18T21:31:43.516Z	R_3wR0O0MTed8YrSL	EN	R_3wR0O0MTed8YrSL	100	3	33.8654	1	1	0	5	2	4	-84.3385	99.108.234.19	2023-12-18T21:30:27Z	75	anonymous	1
2023-12-18T21:32:08Z	5d7d4ce5ea2fe40015dff554	1	2023-12-18T21:32:09.325Z	R_1qvSOtK4ZcNygsx	EN	R_1qvSOtK4ZcNygsx	100	2	42.9102	1	2	0	1	2	4	-78.6625	67.251.111.28	2023-12-18T21:28:51Z	197	anonymous	2
2023-12-18T21:34:23Z	63d9511eee7ec8c5f1ba144c	1	2023-12-18T21:34:23.686Z	R_6j6T3iY1WtyldBF	EN	R_6j6T3iY1WtyldBF	100	3	32.962	1	1	0	5	2	4	-96.3608	206.248.32.73	2023-12-18T21:33:04Z	79	anonymous	1
2023-12-18T21:35:26Z	614f675d535b2139e3a7d5d6	1	2023-12-18T21:35:26.629Z	R_7fdgdXFXaWXwwBj	EN	R_7fdgdXFXaWXwwBj	100	3	45.6402	1	1	0	5	2	4	-122.8324	75.164.29.175	2023-12-18T21:32:48Z	157	anonymous	1
2023-12-18T21:35:33Z	6510589f98d5a328674c2d41	1	2023-12-18T21:35:34.076Z	R_37fIZv1DyJoNPAS	EN	R_37fIZv1DyJoNPAS	100	3	37.825	1	1	0	5	2	4	-87.5655	74.136.193.154	2023-12-18T21:34:10Z	82	anonymous	2
2023-12-18T21:36:36Z	5cae90b5f84a7c00158d2c1e	1	2023-12-18T21:36:37.326Z	R_5fplVMIInrAKvsq	EN	R_5fplVMIInrAKvsq	100	3	40.4171	1	1	0	1	2	4	-80.5614	71.60.163.46	2023-12-18T21:31:23Z	313	anonymous	2
2023-12-18T21:36:37Z	5def36764194415d17f32c5b	1	2023-12-18T21:36:37.707Z	R_7NlCxd5avkgIe02	EN	R_7NlCxd5avkgIe02	100	3	38.22	1	1	0	5	2	4	-85.6942	23.122.203.212	2023-12-18T21:32:50Z	226	anonymous	1
2023-12-18T21:37:32Z	560ff9897ffc8a000f8112ff	2	2023-12-18T21:37:33.177Z	R_6B4IrBBBNn726FX	EN	R_6B4IrBBBNn726FX	100	3	38.7678	1	1	0	2	2	4	-75.2978	73.129.46.39	2023-12-18T21:35:37Z	114	anonymous	3
2023-12-18T21:37:56Z	65451f430fa4284b0c635f53	1	2023-12-18T21:37:56.746Z	R_7i2mtOerQ7LkkNd	EN	R_7i2mtOerQ7LkkNd	100	3	32.8236	1	1	0	5	2	4	-96.6814	172.59.197.198	2023-12-18T21:35:53Z	122	anonymous	1
2023-12-18T21:38:04Z	60fd25562f38d555f7f1ac67	1	2023-12-18T21:38:05.188Z	R_6FLyQE716C8ZZvP	EN	R_6FLyQE716C8ZZvP	100	1	45.5248	1	1	0	5	3	4	-122.6789	107.122.81.131	2023-12-18T21:36:19Z	105	anonymous	1
2023-12-18T21:38:08Z	5d8793d36c53380015139da9	1	2023-12-18T21:38:09.450Z	R_6zfe9v4AcblbyXn	EN	R_6zfe9v4AcblbyXn	100	2	34.1078	1	1	0	5	1	4	-84.5026	172.127.48.202	2023-12-18T21:36:22Z	106	anonymous	1
2023-12-18T21:38:39Z	5ea98c8747b7860a96ff3c90	1	2023-12-18T21:38:40.160Z	R_3rMsNfx4yYnCQ7D	EN	R_3rMsNfx4yYnCQ7D	100	3	33.8631	1	1	0	5	2	4	-118.3923	47.144.145.254	2023-12-18T21:36:43Z	116	anonymous	1
2023-12-18T21:38:42Z	5ffc9acaaacffc0cb55ba3ab	1	2023-12-18T21:38:43.384Z	R_7XYFE9opgYhFMJj	EN	R_7XYFE9opgYhFMJj	100	2	39.0122	1	1	0	2	2	4	-87.7449	173.17.111.210	2023-12-18T21:37:04Z	98	anonymous	1
2023-12-18T21:38:48Z	654503ae77aaea7a1360240c	1	2023-12-18T21:38:48.852Z	R_51bMPhw6EtK8cki	EN	R_51bMPhw6EtK8cki	100	2	38.6438	1	4	0	5	1	4	-77.3451	174.219.249.11	2023-12-18T21:34:58Z	230	anonymous	1
2023-12-18T21:39:12Z	5fc428fae5097e713227eb40	3	2023-12-18T21:39:13.242Z	R_1q68MKJe0tNKBc5	EN	R_1q68MKJe0tNKBc5	100	3	40.7304	1	1	0	5	2	4	-74.2727	74.105.154.184	2023-12-18T21:36:40Z	152	anonymous	1
2023-12-18T21:39:43Z	614f5734ca61d17940ac78b3	1	2023-12-18T21:39:43.463Z	R_3qaeylk3safbFRL	EN	R_3qaeylk3safbFRL	100	3	34.7981	1	3	0	5	2	4	-82.3959	12.42.17.114	2023-12-18T21:36:55Z	168	anonymous	1
2023-12-18T21:39:51Z	6500d3341fca3892ad10d44a	1	2023-12-18T21:39:52.214Z	R_5xmXwLeL6vCkqWJ	EN	R_5xmXwLeL6vCkqWJ	100	1	28.6225	1	1	0	5	1	4	-81.4317	172.56.74.77	2023-12-18T21:34:55Z	296	anonymous	1
2023-12-18T21:40:06Z	55b94954fdf99b45b103420b	1	2023-12-18T21:40:07.154Z	R_6exGwlbhflSKC62	EN	R_6exGwlbhflSKC62	100	3	30.2304	1	1	0	5	2	4	-97.7243	204.137.227.200	2023-12-18T21:36:09Z	236	anonymous	1
2023-12-18T21:40:07Z	62ce6179fe6f8ec7e399cea0	3	2023-12-18T21:40:08.526Z	R_6aCELMuKdLfagHT	EN	R_6aCELMuKdLfagHT	100	2	41.8879	1	1	0	1	3	4	-88.1995	98.46.191.162	2023-12-18T21:38:09Z	118	anonymous	2
2023-12-18T21:40:19Z	645fd4de4a40a80d6cbe70f2	1	2023-12-18T21:40:19.850Z	R_1G49sF08I4HPB9D	EN	R_1G49sF08I4HPB9D	100	3	33.1955	1	1	0	5	2	4	-117.2862	174.65.241.27	2023-12-18T21:38:42Z	96	anonymous	1
2023-12-18T21:40:19Z	6409220c6166510beff12d14	1	2023-12-18T21:40:20.199Z	R_7LaIsGwSDusyssh	EN	R_7LaIsGwSDusyssh	100	3	28.2764	1	1	0	5	3	4	-80.6568	45.24.106.179	2023-12-18T21:33:38Z	401	anonymous	1
2023-12-18T21:40:37Z	55c68d2bfdf99b67b7b50a91	3	2023-12-18T21:40:37.651Z	R_3gqC7xnvEqrhQRl	EN	R_3gqC7xnvEqrhQRl	100	2	39.7351	1	1	0	5	1	4	-105.0269	184.96.202.171	2023-12-18T21:36:43Z	233	anonymous	1
2023-12-18T21:41:54Z	6563533cc6a66751799ad06a	1	2023-12-18T21:41:55.184Z	R_6AlC3MFS2gCTuN3	EN	R_6AlC3MFS2gCTuN3	100	3	26.3942	1	1	0	3	2	4	-98.8104	35.147.41.15	2023-12-18T21:36:14Z	339	anonymous	3
2023-12-18T21:42:23Z	6110a3cea048e6a387686a00	1	2023-12-18T21:42:24.438Z	R_6dm4tv8ThOPFniI	EN	R_6dm4tv8ThOPFniI	100	1	33.7838	1	1	0	2	3	4	-84.4455	199.185.175.67	2023-12-18T21:40:51Z	92	anonymous	3
2023-12-18T21:43:29Z	655ce483f596bc00eab95320	2	2023-12-18T21:43:29.624Z	R_7g5FZC87RQArakf	EN	R_7g5FZC87RQArakf	100	3	29.7335	1	1	0	5	1	4	-95.5564	75.217.150.181	2023-12-18T21:38:43Z	285	anonymous	1
2023-12-18T21:43:35Z	63f804e5483d1817b4f207b9	1	2023-12-18T21:43:35.794Z	R_3P1NXHMCkqub3WC	EN	R_3P1NXHMCkqub3WC	100	4	43.6165	1	1	0	5	1	4	-116.2001	172.56.201.48	2023-12-18T21:39:15Z	259	anonymous	1
2023-12-18T21:43:47Z	572036a1fd3a5200093c126b	1	2023-12-18T21:43:48.498Z	R_1jkMb4n8ZH7s81H	EN	R_1jkMb4n8ZH7s81H	100	3	38.9949	1	1	0	5	2	4	-94.3652	12.25.146.170	2023-12-18T21:35:27Z	500	anonymous	1
2023-12-18T21:43:49Z	5e6cade3d92ffb26677dbd84	1	2023-12-18T21:43:49.947Z	R_6OrfUumuRCVI3LC	EN	R_6OrfUumuRCVI3LC	100	1	34.0598	1	1	0	3	1	4	-118.3769	98.147.152.225	2023-12-18T21:39:02Z	286	anonymous	2
2023-12-18T21:44:04Z	644bd5f65278efdaecb4f62f	3	2023-12-18T21:44:05.421Z	R_6scUFXpoOrIkA6Z	EN	R_6scUFXpoOrIkA6Z	100	3	33.8019	1	1	0	5	2	4	-84.3861	170.55.121.162	2023-12-18T21:41:34Z	150	anonymous	1
2023-12-18T21:44:09Z	5fc98fe1b105424d4b03381b	1	2023-12-18T21:44:09.761Z	R_5obSHJ5ruyJiCWZ	EN	R_5obSHJ5ruyJiCWZ	100	3	42.4444	1	1	0	5	2	4	-76.4926	128.84.126.107	2023-12-18T21:42:52Z	76	anonymous	1
2023-12-18T21:44:43Z	6486379af229c305ab5e63fa	1	2023-12-18T21:44:44.464Z	R_3PmYmrqiRtKNlHi	EN	R_3PmYmrqiRtKNlHi	100	1	26.6786	1	2	0	5	2	4	-82.0263	71.208.10.214	2023-12-18T21:42:22Z	141	anonymous	1
2023-12-18T21:44:45Z	633129042bb1ab9f1847e81f	2	2023-12-18T21:44:46.453Z	R_7YysniXvMXePN1n	EN	R_7YysniXvMXePN1n	100	3	33.5594	1	4	0	5	1	4	-112.0902	172.56.80.243	2023-12-18T21:42:05Z	160	anonymous	1
2023-12-18T21:45:13Z	6413ed6a23881edc2e190e15	1	2023-12-18T21:45:14.384Z	R_7TmOrT2CXg6ofER	EN	R_7TmOrT2CXg6ofER	100	2	33.6647	1	1	0	5	1	4	-117.9663	172.117.113.169	2023-12-18T21:42:38Z	155	anonymous	1
2023-12-18T21:45:33Z	6478e9af7d038af16d294843	3	2023-12-18T21:45:33.639Z	R_1B2WOkn8iPq5eQp	EN	R_1B2WOkn8iPq5eQp	100	3	32.9247	1	1	0	5	2	4	-96.8917	76.192.101.167	2023-12-18T21:41:17Z	255	anonymous	1
2023-12-18T21:45:43Z	60fe4500b9d48a537a42f35a	2	2023-12-18T21:45:44.343Z	R_6uCgpyqh0fR7UEt	EN	R_6uCgpyqh0fR7UEt	100	3	42.4444	1	1	0	5	3	4	-76.4926	76.37.146.98	2023-12-18T21:42:34Z	189	anonymous	1
2023-12-18T21:45:47Z	655fa6bf1cfd3bd5343e7778	1	2023-12-18T21:45:47.537Z	R_7mtpe4YHza2H9LD	EN	R_7mtpe4YHza2H9LD	100	4	21.3037	1	1	0	5	1	4	-157.8667	172.56.44.124	2023-12-18T21:43:16Z	150	anonymous	1
2023-12-18T21:45:58Z	5a4fab63eedc32000141ec5c	1	2023-12-18T21:45:59.491Z	R_6wB5j2EIAq2L23q	EN	R_6wB5j2EIAq2L23q	100	2	34.5251	1	1	0	5	1	4	-82.6307	75.130.148.228	2023-12-18T21:41:32Z	266	anonymous	1
2023-12-18T21:46:15Z	62b49c65c45131879b8438d3	1	2023-12-18T21:46:15.706Z	R_7g5dhwjwmBtfDUp	EN	R_7g5dhwjwmBtfDUp	100	1	40.6982	1	1	0	5	1	4	-111.841	136.38.96.108	2023-12-18T21:44:11Z	123	anonymous	1
2023-12-18T21:46:16Z	600c167e28de48080e812884	1	2023-12-18T21:46:16.681Z	R_5GNyhPw1S3pq8lO	EN	R_5GNyhPw1S3pq8lO	100	3	36.1174	1	1	0	5	1	4	-83.8164	97.148.96.52	2023-12-18T21:44:01Z	134	anonymous	1
2023-12-18T21:47:46Z	60ff5cd36ed5a267f814bf36	1	2023-12-18T21:47:46.607Z	R_5OoF9wQazS2w1QR	EN	R_5OoF9wQazS2w1QR	100	3	33.7976	1	1	0	5	2	4	-118.063	45.51.41.82	2023-12-18T21:41:08Z	398	anonymous	1
2023-12-18T21:49:33Z	656a0556c9c6effafb945b4b	1	2023-12-18T21:49:33.811Z	R_5DnJVNb1q2xPcYX	EN	R_5DnJVNb1q2xPcYX	100	1	39.9275	1	1	0	5	2	4	-82.0032	74.129.5.57	2023-12-18T21:47:07Z	146	anonymous	1
2023-12-18T21:56:12Z	6121e36192d8fd0203910a30	1	2023-12-18T21:56:12.726Z	R_50kGwmpV4UjsCAA	EN	R_50kGwmpV4UjsCAA	100	1	42.3914	1	1	0	4	1	4	-83.1493	172.58.127.22	2023-12-18T21:38:16Z	1075	anonymous	1
2023-12-25T15:32:18Z	656f4c13a2c8f844c7ec6b94	1	2023-12-25T15:32:19.419Z	R_6F4KnadWDZn7CvR	EN	R_6F4KnadWDZn7CvR	100	3	39.884	1	1	0	5	2	4	-74.9721	108.24.175.139	2023-12-25T15:26:00Z	377	anonymous	3
2023-12-25T15:32:29Z	5b65f7935c431c000127ae5f	3	2023-12-25T15:32:30.054Z	R_1f9rixhyCCB3LQR	EN	R_1f9rixhyCCB3LQR	100	2	39.0584	1	1	0	5	2	4	-84.3396	163.182.35.154	2023-12-25T15:29:37Z	172	anonymous	1
2023-12-25T15:34:03Z	5dfa956b247354017ef9e5a5	1	2023-12-25T15:34:03.735Z	R_3VxSsYQFSRzrJsV	EN	R_3VxSsYQFSRzrJsV	100	3	29.5183	1	3	0	5	2	4	-95.0977	98.195.105.86	2023-12-25T15:32:49Z	73	anonymous	1
2023-12-25T15:36:52Z	657342208a2c0bd370472fd7	1	2023-12-25T15:36:52.682Z	R_17akfSkSfEp8XAZ	EN	R_17akfSkSfEp8XAZ	100	3	46.2515	1	1	0	3	2	4	-119.1034	174.31.35.80	2023-12-25T15:26:15Z	636	anonymous	3
2023-12-25T15:38:26Z	6074391ef6527366aa827f42	1	2023-12-25T15:38:27.079Z	R_1Ufzfxaa6aZZncl	EN	R_1Ufzfxaa6aZZncl	100	3	29.5443	1	1	0	5	1	4	-98.5499	136.50.138.71	2023-12-25T15:36:54Z	92	anonymous	1
2023-12-25T15:38:49Z	63e55b9998cfe6f533667161	1	2023-12-25T15:38:49.801Z	R_5X4FMczJDgnheMz	EN	R_5X4FMczJDgnheMz	100	3	29.5183	1	1	0	5	2	4	-95.0977	47.160.160.107	2023-12-25T15:37:14Z	94	anonymous	1
2023-12-25T15:39:01Z	628bdbc77a9dddcd7f4ed538	1	2023-12-25T15:39:01.626Z	R_1g8dBA4avzJHh1D	EN	R_1g8dBA4avzJHh1D	100	3	40.6764	1	1	0	4	2	4	-73.8753	172.56.162.241	2023-12-25T15:37:01Z	119	anonymous	1
2023-12-25T15:41:32Z	658742706fa6fd9a37696a1f	3	2023-12-25T15:41:32.884Z	R_3yrDpjGHRVpi1EJ	EN	R_3yrDpjGHRVpi1EJ	100	3	32.7405	1	1	0	5	2	4	-117.0935	107.223.113.96	2023-12-25T15:36:27Z	304	anonymous	2
2023-12-25T15:42:38Z	6108696dc9d16e886749e495	1	2023-12-25T15:42:38.709Z	R_5SDD1aTUfjvaFu1	EN	R_5SDD1aTUfjvaFu1	100	3	40.2363	1	1	0	5	2	4	-75.296	100.11.123.185	2023-12-25T15:41:28Z	70	anonymous	1
2023-12-25T15:45:21Z	5edb7982f3b2f87f8ef83236	1	2023-12-25T15:45:22.245Z	R_6sABcKYSvBaGZnk	EN	R_6sABcKYSvBaGZnk	100	3	25.7634	1	1	0	5	2	4	-80.1886	73.85.8.109	2023-12-25T15:43:38Z	103	anonymous	1
2023-12-25T15:46:17Z	5f12691e8427ec1bd6ba5e64	1	2023-12-25T15:46:17.951Z	R_5DuaXPCVrdiAnfy	EN	R_5DuaXPCVrdiAnfy	100	2	34.1535	1	1	0	5	2	4	-117.8457	76.89.94.82	2023-12-25T15:44:04Z	133	anonymous	1
2023-12-25T15:48:15Z	611134d4e32003c61fb64f78	3	2023-12-25T15:48:16.492Z	R_12JZrTs4W4dRk9y	EN	R_12JZrTs4W4dRk9y	100	2	38.9458	1	1	0	5	2	4	-90.2049	174.86.53.87	2023-12-25T15:43:49Z	266	anonymous	1
2023-12-25T15:48:55Z	5d46da4ae67c9400192c4343	1	2023-12-25T15:48:56.327Z	R_5cOaNcfGAkCL08F	EN	R_5cOaNcfGAkCL08F	100	3	35.1369	1	1	0	5	1	4	-106.5199	69.247.78.208	2023-12-25T15:47:13Z	102	anonymous	1
2023-12-25T15:50:47Z	6376e34cb9fc3dab5a718c87	1	2023-12-25T15:50:48.140Z	R_7ruyIMZrv8mviZ1	EN	R_7ruyIMZrv8mviZ1	100	2	41.155	1	1	0	4	2	4	-96.0325	174.70.48.70	2023-12-25T15:48:27Z	139	anonymous	1
2023-12-25T15:51:15Z	5ec6db19304ce10f8c56c111	1	2023-12-25T15:51:15.833Z	R_7gMdEgev6dKpTE6	EN	R_7gMdEgev6dKpTE6	100	3	39.7837	1	1	0	5	2	4	-77.3584	71.207.98.162	2023-12-25T15:49:31Z	103	anonymous	1
2023-12-25T15:51:15Z	6585a72a09f022fbe598d16a	1	2023-12-25T15:51:15.980Z	R_5mDFp4DcK5TvhGg	EN	R_5mDFp4DcK5TvhGg	100	4	48.3148	1	4	0	5	2	4	-116.5291	69.59.65.8	2023-12-25T15:49:15Z	119	anonymous	1
2023-12-25T15:51:18Z	628ecaf78869ed2022d7690f	1	2023-12-25T15:51:18.704Z	R_7fdMGT0ct3ap1MB	EN	R_7fdMGT0ct3ap1MB	100	2	33.5119	1	1	0	5	1	4	-101.9316	108.88.113.28	2023-12-25T15:48:13Z	184	anonymous	2
2023-12-25T15:51:53Z	5ddc7c26370810bfb7e7ae8d	1	2023-12-25T15:51:53.883Z	R_3uF2uwclelZukNw	EN	R_3uF2uwclelZukNw	100	3	26.1522	1	1	0	5	2		-80.3153	66.229.225.65	2023-12-25T15:46:24Z	329	anonymous	1
2023-12-25T15:53:38Z	656f47c38d6a2aa50bccb845	1	2023-12-25T15:53:39.469Z	R_1PX0CMDJx9sBQD3	EN	R_1PX0CMDJx9sBQD3	100	2	40.2363	1	1	0	5	2	4	-75.296	100.11.132.50	2023-12-25T15:50:57Z	161	anonymous	1
2023-12-25T15:53:43Z	5a94362e873cda0001dc66c9	1	2023-12-25T15:53:44.013Z	R_7iCooTVUpleDMw8	EN	R_7iCooTVUpleDMw8	100	1	43.1166	1	1	0	5	2	4	-87.9904	172.59.96.75	2023-12-25T15:50:51Z	172	anonymous	2
2023-12-25T15:53:48Z	5ff0a8832f5671f96de3474c	1	2023-12-25T15:53:48.739Z	R_7AQbnqjEpOIFfwd	EN	R_7AQbnqjEpOIFfwd	100	1	41.2727	1	1	0	5	1	4	-70.0971	73.69.46.49	2023-12-25T15:52:24Z	83	anonymous	1
2023-12-25T15:54:11Z	60fe04ef652fd1fafaa4ae50	1	2023-12-25T15:54:12.622Z	R_6CQyaVMkNy6CaIz	EN	R_6CQyaVMkNy6CaIz	100	1	42.537	1	1	0	5	2	4	-79.1577	76.180.10.86	2023-12-25T15:51:30Z	161	anonymous	1
2023-12-25T15:57:26Z	631e42d73ed7ab9812b91cc2	1	2023-12-25T15:57:27.027Z	R_7JpXbpYEzu51fYU	EN	R_7JpXbpYEzu51fYU	100	3	40.789	1	1	0	5	2	4	-73.7262	69.118.27.66	2023-12-25T15:56:02Z	83	anonymous	1
2023-12-25T15:58:31Z	5a230e4fd5510b0001977feb	1	2023-12-25T15:58:32.528Z	R_7TZTzOGOtLtpIml	EN	R_7TZTzOGOtLtpIml	100	3	36.7407	1	1	0	5	2	4	-95.9272	24.119.33.150	2023-12-25T15:55:41Z	170	anonymous	1
2023-12-25T15:58:34Z	61087b35fb326cf69c073aff	1	2023-12-25T15:58:35.654Z	R_5kUnqBXqAtLpXEw	EN	R_5kUnqBXqAtLpXEw	100	1	28.6344	1	3	0	5	3	4	-81.6221	174.211.228.230	2023-12-25T15:57:08Z	86	anonymous	1
2023-12-25T15:59:22Z	559ae660fdf99b361ac4662c	1	2023-12-25T15:59:23.468Z	R_6jSPT1RsekHEO7E	EN	R_6jSPT1RsekHEO7E	100	1	44.9548	1	1	0	5	2	4	-93.1551	174.20.60.209	2023-12-25T15:55:59Z	203	anonymous	1
2023-12-25T15:59:38Z	63bc8a7755c8f23d7bfa3d65	1	2023-12-25T15:59:39.444Z	R_6b28ipstbAG0V5A	EN	R_6b28ipstbAG0V5A	100	3	33.7485	1	1	0	5	2	4	-84.3871	107.77.232.25	2023-12-25T15:56:03Z	215	anonymous	1
2023-12-25T15:59:49Z	5d851419d126db0001cf0396	1	2023-12-25T15:59:49.910Z	R_7HIGWj8uTydiSmu	EN	R_7HIGWj8uTydiSmu	100	4	39.214	1	1	0	5	1	4	-94.7191	136.35.232.68	2023-12-25T15:57:26Z	143	anonymous	2
2023-12-25T16:00:53Z	6581a4070f9c1b2a8087e758	3	2023-12-25T16:00:54.410Z	R_6U9FosDLjBmZXbq	EN	R_6U9FosDLjBmZXbq	100	3	40.0818	1	4	0	2	1	4	-82.9665	172.59.33.191	2023-12-25T15:55:34Z	319	anonymous	3
2023-12-25T16:01:30Z	65269d090fba3d983ba6a949	1	2023-12-25T16:01:31.299Z	R_19l4HRAF7jpf71L	EN	R_19l4HRAF7jpf71L	100	2	35.4838	1	1	0	5	2	4	-80.6031	69.40.192.114	2023-12-25T15:59:19Z	131	anonymous	1
2023-12-25T16:02:29Z	595bee9282be5500017ad683	1	2023-12-25T16:02:30.129Z	R_3iCgJBQI3OwVpVw	EN	R_3iCgJBQI3OwVpVw	100	3	33.5484	1	1	0	5	2	4	-86.8927	107.146.135.79	2023-12-25T16:01:10Z	78	anonymous	1
2023-12-25T16:03:08Z	5dd6f563270f44688d3cd745	1	2023-12-25T16:03:09.222Z	R_3k0omBgqDSArT7c	EN	R_3k0omBgqDSArT7c	100	3	47.8977	1	1	0	4	2	4	-97.0394	140.186.119.105	2023-12-25T16:01:12Z	116	anonymous	3
2023-12-25T16:03:09Z	55c65b6cfdf99b537b7f9dc7	1	2023-12-25T16:03:09.781Z	R_623CjzF9tEnGf9r	EN	R_623CjzF9tEnGf9r	100	3	28.7115	1	1	0	1	1	4	-81.5135	184.90.141.95	2023-12-25T16:01:34Z	94	anonymous	2
2023-12-25T16:04:24Z	64543d5ed0c75f8501046ef4	1	2023-12-25T16:04:25.275Z	R_6jrY3qgmrzLu7nl	EN	R_6jrY3qgmrzLu7nl	100	3	33.6128	1	1	0	5	2	4	-117.6622	104.53.140.14	2023-12-25T16:02:56Z	88	anonymous	1
2023-12-25T16:04:50Z	60fcf2039a5cdfcc26e4d063	1	2023-12-25T16:04:50.944Z	R_3dWLDVSNn3wkPyc	EN	R_3dWLDVSNn3wkPyc	100	3	33.5038	1	1	0	5	2	4	-112.0253	71.209.177.44	2023-12-25T16:01:02Z	228	anonymous	1
2023-12-25T16:05:09Z	6081ca47eeed1bb51c1d7f7b	1	2023-12-25T16:05:09.645Z	R_5zUuVp6fu4dCaW8	EN	R_5zUuVp6fu4dCaW8	100	3	40.7359	1	1	0	5	2	4	-73.9904	68.237.205.23	2023-12-25T16:01:58Z	190	anonymous	1
2023-12-25T16:06:03Z	6362284d068a62906d1cc4d1	1	2023-12-25T16:06:04.206Z	R_6gf2GC7pNVjzqmd	EN	R_6gf2GC7pNVjzqmd	100	2	42.0943	1	4	0	4	3	4	-76.8078	76.37.96.98	2023-12-25T16:03:20Z	162	anonymous	1
2023-12-25T16:06:40Z	62acca0e028fea59c33bf2fe	1	2023-12-25T16:06:41.741Z	R_3iUlt0uaZmh2HXb	EN	R_3iUlt0uaZmh2HXb	100	1	29.8478	1	3	0	5	1	4	-95.6599	174.203.6.167	2023-12-25T16:04:35Z	125	anonymous	1
2023-12-25T16:07:25Z	60ff9a73f5eca5e11ae6352c	1	2023-12-25T16:07:25.846Z	R_5n2OaA1mRpQxRD9	EN	R_5n2OaA1mRpQxRD9	100	3	35.837	1	1	0	5	2	4	-84.008	174.177.76.195	2023-12-25T16:04:47Z	157	anonymous	1
2023-12-25T16:08:00Z	629e240d15c1ee22dbcdfd1f	1	2023-12-25T16:08:01.250Z	R_5Xy3JdTEcXpK32V	EN	R_5Xy3JdTEcXpK32V	100	2	32.7449	1	1	0	5	1	4	-117.165	72.197.183.28	2023-12-25T16:05:43Z	137	anonymous	1
2023-12-25T16:08:29Z	651aa7db39658e91e9469c80	1	2023-12-25T16:08:30.279Z	R_3EJSUZHMkVdWcJR	EN	R_3EJSUZHMkVdWcJR	100	2	35.8437	1	1	0	5	2	4	-86.3881	174.238.169.124	2023-12-25T16:05:46Z	163	anonymous	1
2023-12-25T16:08:49Z	5e1276f7e69d0a912635da16	1	2023-12-25T16:08:50.481Z	R_31haQWVKnsw5T0m	EN	R_31haQWVKnsw5T0m	100	3	33.9372	1	1	0	5	2	4	-84.0791	24.99.102.134	2023-12-25T16:05:43Z	186	anonymous	1
2023-12-25T16:08:52Z	656a74e0234d6c5371d3f042	1	2023-12-25T16:08:52.747Z	R_7ob7Ms9hnEzqJdR	EN	R_7ob7Ms9hnEzqJdR	100	2	29.4411	1	2	0	5	1	3	-98.4936	172.59.233.70	2023-12-25T16:06:15Z	156	anonymous	1
2023-12-25T16:09:02Z	57ac9e210493620001d3a277	1	2023-12-25T16:09:02.910Z	R_3LGqEKGLHgcnTcL	EN	R_3LGqEKGLHgcnTcL	100	3	29.6138	1	1	0	5	2	4	-82.386	23.123.106.151	2023-12-25T16:07:22Z	99	anonymous	1
2023-12-25T16:09:11Z	63a5d44a2536f3e1cfb42541	1	2023-12-25T16:09:12.149Z	R_52PHVyAhbpYv2T2	EN	R_52PHVyAhbpYv2T2	100	1	41.8825	1	1	0	4	2	4	-87.7185	172.59.188.102	2023-12-25T16:04:43Z	268	anonymous	3
2023-12-25T16:09:25Z	60c261fc9149f791a6f20a54	1	2023-12-25T16:09:25.559Z	R_1osT1uqO9kWiga5	EN	R_1osT1uqO9kWiga5	100	2	33.5038	1	1	0	4	3	4	-112.0253	72.216.133.235	2023-12-25T16:07:21Z	123	anonymous	1
2023-12-25T16:09:27Z	64d59329f652ebed1955560d	1	2023-12-25T16:09:28.203Z	R_7OobHPYynU7Cy4T	EN	R_7OobHPYynU7Cy4T	100	2	39.6562	1	4	0	5	2	4	-104.7866	75.71.88.101	2023-12-25T16:07:31Z	116	anonymous	1
2023-12-25T16:09:37Z	656383eac728fc8ebcf313e6	1	2023-12-25T16:09:38.175Z	R_7RpSwmtM7oL7GN4	EN	R_7RpSwmtM7oL7GN4	100	3	38.6967	1	1	0	5	2	4	-121.313	67.187.134.55	2023-12-25T16:06:18Z	198	anonymous	1
2023-12-25T16:09:46Z	609d9d4ac5a6c58f5554af71	1	2023-12-25T16:09:46.570Z	R_7qPULTjhRFCptfD	EN	R_7qPULTjhRFCptfD	100	3	39.211	1	1	0	5	2	4	-76.8362	73.200.184.44	2023-12-25T16:06:50Z	175	anonymous	3
2023-12-25T16:11:32Z	5dddd93ce2dcbdd58abe31f2	1	2023-12-25T16:11:32.767Z	R_61WLldQThrtyivE	EN	R_61WLldQThrtyivE	100	3	39.732	1	1	0	5	2	4	-104.8633	75.71.40.167	2023-12-25T16:08:48Z	163	anonymous	1
2023-12-25T16:11:54Z	5bd23f11f8e0680001660e14	3	2023-12-25T16:11:54.897Z	R_38MuEWFmVaybCS9	EN	R_38MuEWFmVaybCS9	100	2	40.4605	1	1	0	5	1	4	-74.3039	24.47.220.131	2023-12-25T16:09:21Z	153	anonymous	1
2023-12-25T16:12:16Z	614e7ef6e98951c5af6fd9f7	1	2023-12-25T16:12:17.275Z	R_6kpjbb62fyVA52m	EN	R_6kpjbb62fyVA52m	100	3	27.893	1	1	0	5	1	4	-82.5074	174.211.108.176	2023-12-25T16:10:26Z	110	anonymous	1
2023-12-25T16:12:18Z	64862dc8ab0550c6e4aee2c9	1	2023-12-25T16:12:19.101Z	R_50PzcjrA6X49oxb	EN	R_50PzcjrA6X49oxb	100	3	35.1128	1	1	0	5	2	4	-89.9085	70.130.111.34	2023-12-25T16:05:31Z	407	anonymous	2
2023-12-25T16:12:29Z	63cff0ee5a71205791bc62c5	1	2023-12-25T16:12:29.639Z	R_5ApEi5mdBbZgVwJ	EN	R_5ApEi5mdBbZgVwJ	100	1	43.1493	1	1	0	2	3	3	-76.2221	24.103.128.99	2023-12-25T16:09:32Z	177	anonymous	3
2023-12-25T16:12:58Z	5c57890153fba80001bd3ba1	1	2023-12-25T16:12:59.302Z	R_1ImDhcZ2tEcvEOc	EN	R_1ImDhcZ2tEcvEOc	100	3	39.8443	1	1	0	5	2	4	-88.9865	73.110.37.48	2023-12-25T16:11:04Z	114	anonymous	1
2023-12-25T16:13:36Z	650af7c514f8c6a0c0a91332	1	2023-12-25T16:13:37.094Z	R_35Fm0nsC4AzBszf	EN	R_35Fm0nsC4AzBszf	100	3	42.4933	1	1	0	5	2	4	-83.135	99.158.225.21	2023-12-25T16:09:46Z	229	anonymous	1
2023-12-25T16:13:41Z	5de1986c040f531f97eb6092	1	2023-12-25T16:13:42.313Z	R_6CBKsMeyMVXUnlz	EN	R_6CBKsMeyMVXUnlz	100	3	32.8131	1	1	0	5	2	4	-96.8141	172.59.194.214	2023-12-25T16:12:07Z	94	anonymous	1
2023-12-25T16:13:56Z	63d31b44050f25d498f32cd1	2	2023-12-25T16:13:57.353Z	R_6lGEiwCRHiyOqDs	EN	R_6lGEiwCRHiyOqDs	100	3	39.4788	1	1	0	5	2	4	-119.8629	71.83.120.59	2023-12-25T16:11:22Z	154	anonymous	1
2023-12-25T16:14:13Z	5fd8fd5b9059451343f81263	1	2023-12-25T16:14:14.313Z	R_3F20x6szIkgu2k1	EN	R_3F20x6szIkgu2k1	100	2	38.9091	1	1	0	5	2	4	-77.0203	73.173.186.36	2023-12-25T16:09:05Z	308	anonymous	1
2023-12-25T16:15:14Z	5eb0deb2bd00da19c156f390	1	2023-12-25T16:15:14.961Z	R_1Y8jZllMcPnP0gF	EN	R_1Y8jZllMcPnP0gF	100	3	33.7542	1	1	0	5	1	4	-84.2601	24.126.151.19	2023-12-25T16:13:23Z	111	anonymous	2
2023-12-25T16:16:00Z	62ddda5556d80cb75d1f9bee	1	2023-12-25T16:16:00.945Z	R_5pQi55ax5BeWTlh	EN	R_5pQi55ax5BeWTlh	100	2	36.0907	1	1	0	5	1	4	-115.0886	72.193.206.223	2023-12-25T16:13:32Z	148	anonymous	2
2023-12-25T16:16:14Z	5ac015efe1099600016a5d17	1	2023-12-25T16:16:14.674Z	R_5MsyWdqTbv91vtA	EN	R_5MsyWdqTbv91vtA	100	3	40.7064	1	1	0	5	2	4	-73.9473	166.194.188.137	2023-12-25T16:14:41Z	92	anonymous	1
2023-12-25T16:16:24Z	62926b2bba027005e0a84475	1	2023-12-25T16:16:24.730Z	R_16ngqDJBjAIcRMQ	EN	R_16ngqDJBjAIcRMQ	100	3	38.5463	1	4	0	5	2	4	-122.8047	73.223.206.27	2023-12-25T16:14:19Z	124	anonymous	1
2023-12-25T16:16:24Z	5c5c7b424fff5700017eb384	1	2023-12-25T16:16:25.136Z	R_32XJAJYZyuRaLFM	EN	R_32XJAJYZyuRaLFM	100	4	39.9834	1	2	0	5	1	4	-74.8354	73.10.188.205	2023-12-25T16:14:02Z	142	anonymous	1
2023-12-25T16:16:35Z	60fece35afedb0bdd821592a	1	2023-12-25T16:16:35.531Z	R_1OV6944OCHUYLqg	EN	R_1OV6944OCHUYLqg	100	1	34.2576	1	1	0	5	1	4	-83.7732	73.82.242.203	2023-12-25T16:14:21Z	133	anonymous	1
2023-12-25T16:16:46Z	657e9e4a33c7028e7427cbaf	1	2023-12-25T16:16:46.701Z	R_1el9KlKyCBwNYTC	EN	R_1el9KlKyCBwNYTC	100	3	41.9457	1	2	0	4	3	4	-87.7393	172.58.164.245	2023-12-25T16:13:22Z	203	anonymous	3
2023-12-25T16:17:02Z	656352099216e3f40fcd121d	1	2023-12-25T16:17:03.298Z	R_52t2eA3YTrIPy3e	EN	R_52t2eA3YTrIPy3e	100	3	36.1219	1	2	0	5	2	4	-79.7777	71.71.93.224	2023-12-25T16:14:19Z	163	anonymous	2
2023-12-25T16:17:39Z	656c93ddc053d63a280ae0dd	1	2023-12-25T16:17:39.531Z	R_3IY1AJuwJ3D7DX4	EN	R_3IY1AJuwJ3D7DX4	100	3	40.738	1	1	0	5	1	4	-73.9858	173.56.64.106	2023-12-25T16:14:36Z	182	anonymous	1
2023-12-25T16:17:43Z	62fcdbdd2bc88e5f058ca548	1	2023-12-25T16:17:43.840Z	R_5IFcD1imfIBtQ6T	EN	R_5IFcD1imfIBtQ6T	100	3	34.113	1	1	0	5	2	4	-118.1888	76.176.31.224	2023-12-25T16:16:48Z	54	anonymous	1
2023-12-25T16:18:23Z	655f8e46111e1df6951e1ede	1	2023-12-25T16:18:23.815Z	R_7Pe6AB5jPzXxwWM	EN	R_7Pe6AB5jPzXxwWM	100	3	33.8956	1	4	0	4	2	4	-117.9053	47.229.243.132	2023-12-25T16:11:50Z	393	anonymous	1
2023-12-25T16:18:38Z	6279333f71a274556df70ee2	1	2023-12-25T16:18:38.698Z	R_1m7R7RFo62WkoSA	EN	R_1m7R7RFo62WkoSA	100	3	40.9024	1	3	0	5	2	4	-74.7031	47.18.161.28	2023-12-25T16:16:26Z	131	anonymous	1
2023-12-25T16:18:41Z	6522b5d885b97591017c0418	1	2023-12-25T16:18:41.981Z	R_1nW6Y202SDQ9g7B	EN	R_1nW6Y202SDQ9g7B	100	3	29.4553	1	1	0	5	2	4	-98.5677	136.51.52.239	2023-12-25T16:15:02Z	218	anonymous	1
2023-12-25T16:19:45Z	5bb91c132e2fe50001be0d08	1	2023-12-25T16:19:45.540Z	R_55z5qjdD3EgZHrO	EN	R_55z5qjdD3EgZHrO	100	3	38.9994	1	1	0	5	2	4	-77.0336	216.164.53.59	2023-12-25T16:18:10Z	95	anonymous	1
2023-12-25T16:20:03Z	645a93f0017bb2a61f0cf72a	3	2023-12-25T16:20:04.409Z	R_51pwJITUxz9Mnq6	EN	R_51pwJITUxz9Mnq6	100	2	40.2363	1	1	0	5	2	4	-75.296	100.11.123.100	2023-12-25T16:17:29Z	154	anonymous	1
2023-12-25T16:20:20Z	6290d05992a97c47797f9de3	1	2023-12-25T16:20:21.295Z	R_1hASBgSrUwGUa7P	EN	R_1hASBgSrUwGUa7P	100	3	33.9243	1	1	0	5	2	4	-117.6105	70.241.139.35	2023-12-25T16:17:35Z	165	anonymous	1
2023-12-25T16:20:55Z	593890eac6aa16000101f037	1	2023-12-25T16:20:56.397Z	R_5PLhEvsCsk9sp7X	EN	R_5PLhEvsCsk9sp7X	100	1	35.0597	1	4	0	5	2	4	-79.0058	174.110.0.177	2023-12-25T16:19:10Z	105	anonymous	3
2023-12-25T16:21:06Z	6574bd9b9b3c601d1c28500f	1	2023-12-25T16:21:07.457Z	R_1wi626SxeAf1pEy	EN	R_1wi626SxeAf1pEy	100	2	48.3108	1	1	0	5	1	4	-122.6322	73.140.200.92	2023-12-25T16:18:23Z	163	anonymous	1
2023-12-25T16:21:14Z	5fc2a0d812bc59000b746ee5	1	2023-12-25T16:21:14.857Z	R_7pRJKZQlcnqq5tc	EN	R_7pRJKZQlcnqq5tc	100	3	47.6784	1	3	0	5	1	4	-122.1857	67.160.40.203	2023-12-25T16:13:48Z	445	anonymous	1
2023-12-25T16:21:19Z	5f7b8d1186b828165dae8e5f	1	2023-12-25T16:21:19.926Z	R_61pMvDHKLkjzCXy	EN	R_61pMvDHKLkjzCXy	100	3	36.1093	1	4	0	5	2	4	-86.8653	76.22.192.136	2023-12-25T16:19:27Z	112	anonymous	1
2023-12-25T16:21:30Z	60ebd106ca635af4d76098cd	1	2023-12-25T16:21:30.954Z	R_6VrlDeIjYB5dGUi	EN	R_6VrlDeIjYB5dGUi	100	2	43.0505	1	3	0	5	2	4	-78.853	76.37.204.101	2023-12-25T16:20:03Z	87	anonymous	1
2023-12-25T16:21:47Z	5f5129fd7f3efa1219f192a3	1	2023-12-25T16:21:48.416Z	R_37HyBYKA64X26wu	EN	R_37HyBYKA64X26wu	100	1	39.1963	1	1	0	5	2	4	-86.5776	68.68.95.85	2023-12-25T16:18:33Z	194	anonymous	1
2023-12-25T16:23:10Z	5e7908b92d882b4b6d8fa8e1	1	2023-12-25T16:23:10.598Z	R_5i7840EyokravBL	EN	R_5i7840EyokravBL	100	3	40.2116	1	1	0	4	2	4	-85.4273	68.50.79.141	2023-12-25T16:21:52Z	77	anonymous	2
2023-12-25T16:23:18Z	63ed99d5c3520191a0a7280e	1	2023-12-25T16:23:18.790Z	R_3NrVvFLhTsrrZ4Y	EN	R_3NrVvFLhTsrrZ4Y	100	3	35.0597	1	1	0	5	1	4	-79.0058	174.110.202.238	2023-12-25T16:21:29Z	108	anonymous	1
2023-12-25T16:23:30Z	65416bef0f88c6a3ede69f8c	1	2023-12-25T16:23:30.772Z	R_37CAUGGeZLFRKTL	EN	R_37CAUGGeZLFRKTL	100	1	42.9554	1	3	0	4	2	4	-78.8638	172.100.32.154	2023-12-25T16:21:54Z	96	anonymous	2
2023-12-25T16:24:09Z	657b22f7b6c0bfc170abecf9	1	2023-12-25T16:24:10.391Z	R_1sE6DNEEhBgdmAV	EN	R_1sE6DNEEhBgdmAV	100	3	34.7857	1	1	0	5	2	4	-92.4189	108.196.6.196	2023-12-25T16:22:00Z	128	anonymous	1
2023-12-25T16:24:42Z	57b76ea36aeef20001e8928d	1	2023-12-25T16:24:42.655Z	R_7qKwktFs5xBrNdJ	EN	R_7qKwktFs5xBrNdJ	100	1	29.0508	1	1	0	5	2	4	-81.2845	72.188.20.107	2023-12-25T16:22:41Z	120	anonymous	1
2023-12-25T16:24:46Z	5d93b788fdfe9d001c00c255	1	2023-12-25T16:24:47.034Z	R_7eOSsi0D3bV1K9v	EN	R_7eOSsi0D3bV1K9v	100	3	42.2324	1	1	0	5	1	4	-83.7017	73.161.58.104	2023-12-25T16:23:32Z	74	anonymous	1
2023-12-25T16:24:52Z	6229ee11f6b5405956544966	1	2023-12-25T16:24:52.589Z	R_3k0acP2fX0ULS22	EN	R_3k0acP2fX0ULS22	100	3	34.7315	1	1	0	5	1	4	-86.5654	136.53.55.37	2023-12-25T16:23:06Z	105	anonymous	1
2023-12-25T16:25:32Z	5d100514de34c40016972f5b	1	2023-12-25T16:25:32.998Z	R_7rGdobP9fAtTdPr	EN	R_7rGdobP9fAtTdPr	100	3	40.5899	1	1	0	5	1	4	-98.3914	50.96.8.176	2023-12-25T16:23:40Z	112	anonymous	1
2023-12-25T16:25:48Z	60fcef8b8d8f7e5610b219eb	1	2023-12-25T16:25:48.658Z	R_3rpl6wyo8N8w72P	EN	R_3rpl6wyo8N8w72P	100	1	33.6454	1	1	0	5	2	4	-86.7014	174.218.58.91	2023-12-25T16:23:37Z	130	anonymous	1
2023-12-25T16:25:52Z	60bae671bf92bf34f7a774ce	1	2023-12-25T16:25:52.486Z	R_5WZrazBf7jFeoDD	EN	R_5WZrazBf7jFeoDD	100	3	29.6825	1	1	0	5	2	4	-82.3606	24.170.192.99	2023-12-25T16:19:22Z	389	anonymous	1
2023-12-25T16:26:00Z	5f330bfd7109cd0e649566b6	1	2023-12-25T16:26:01.114Z	R_18RJfnQ81Jz5Z0A	EN	R_18RJfnQ81Jz5Z0A	100	3	40.4798	1	1	0	5	2	4	-88.9922	50.103.124.205	2023-12-25T16:19:53Z	367	anonymous	1
2023-12-25T16:26:20Z	5c5f8a910edbd90001e1feda	1	2023-12-25T16:26:21.425Z	R_6tzFHL6lV8R4law	EN	R_6tzFHL6lV8R4law	100	3	38.5159	1	1	0	5	2	4	-90.6353	172.12.237.242	2023-12-25T16:23:45Z	155	anonymous	3
2023-12-25T16:26:34Z	5e838558ba24c80cb2be35bd	1	2023-12-25T16:26:35.044Z	R_1qrpAeS3iWpD1GV	EN	R_1qrpAeS3iWpD1GV	100	3	45.5472	1	4	0	5	2	4	-122.6417	71.36.120.243	2023-12-25T16:24:16Z	137	anonymous	2
2023-12-25T16:26:41Z	5d6c1075a9d20a0001de4f80	1	2023-12-25T16:26:42.131Z	R_11vs1nxsf5z09Qn	EN	R_11vs1nxsf5z09Qn	100	3	44.9509	1	2	0	5	2	4	-93.3366	174.229.181.250	2023-12-25T16:22:52Z	228	anonymous	1
2023-12-25T16:27:36Z	5f674f8b8dbc2b0416c59902	1	2023-12-25T16:27:36.871Z	R_3ZwC2MepcRMJewh	EN	R_3ZwC2MepcRMJewh	100	2	41.9211	1	4	0	4	4	4	-87.7032	172.59.187.220	2023-12-25T16:22:14Z	322	anonymous	2
2023-12-25T16:29:23Z	5efe85d36b4d873908aff881	1	2023-12-25T16:29:23.536Z	R_3kF9nKucnwsYp2u	EN	R_3kF9nKucnwsYp2u	100	1	33.0225	1	1	0	5	2	4	-96.729	97.99.233.63	2023-12-25T16:21:17Z	485	anonymous	1
2023-12-25T16:31:21Z	6588baaf0eab6cd8b36dc91a	1	2023-12-25T16:31:21.962Z	R_13d7Yd7fwW35n3f	EN	R_13d7Yd7fwW35n3f	100	1	40.5377	1	4	0	5	2	4	-105.0546	73.14.97.72	2023-12-25T16:27:23Z	237	anonymous	1
2023-12-25T16:33:24Z	5f852dee17ab6c2136ac62e4	1	2023-12-25T16:33:25.406Z	R_1n8RgyIwFE54mZW	EN	R_1n8RgyIwFE54mZW	100	3	32.7117	1	1	0	5	2	4	-96.9993	97.99.173.206	2023-12-25T16:23:45Z	578	anonymous	2
2023-12-25T17:03:50Z	656b3c922335be29f747d99c	3	2023-12-25T17:03:51.655Z	R_7d5gaBKjaUC3t5N	EN	R_7d5gaBKjaUC3t5N	100	1	29.8203	1	1	0	3	2	4	-95.4256	45.21.13.219	2023-12-25T17:00:44Z	186	anonymous	1
2023-12-25T17:05:26Z	55d0945934e9060005e57258	1	2023-12-25T17:05:27.363Z	R_5GW7Z7fLLlToo1R	EN	R_5GW7Z7fLLlToo1R	100	3	30.3075	1	1	0	5	2	4	-97.7271	136.62.63.131	2023-12-25T16:24:19Z	2467	anonymous	1
