userLanguage	distributionChannel	_recordId	duration	locationLongitude	responseId	progress	PROLIFIC_PID	startDate	QID6	QID3	recordedDate	QID5	endDate	status	QID8	finished	locationLatitude	QID1	ipAddress	QID2
EN	anonymous	R_6FQGWiFeCO9ZEjO	404	-74.2098	R_6FQGWiFeCO9ZEjO	100	61702a401deb7d2565f96139	2023-12-18T21:11:29Z	3	1	2023-12-18T21:18:14.747Z	3	2023-12-18T21:18:14Z	0	5	1	40.7718	1	172.59.209.3	1
EN	anonymous	R_6y7mT5aJrpWnKMK	342	-96.8022	R_6y7mT5aJrpWnKMK	100	644f3fab7952c36c2bfa3393	2023-12-18T21:14:14Z	1	3	2023-12-18T21:19:57.459Z	2	2023-12-18T21:19:56Z	0	5	1	32.7797	1	172.58.109.128	1
EN	anonymous	R_3iqhvMMK73ltYS4	101	-76.4944	R_3iqhvMMK73ltYS4	100	6578eb199d938bc19925a731	2023-12-18T21:20:51Z	1	2	2023-12-18T21:22:33.503Z	3	2023-12-18T21:22:33Z	0	5	1	38.9512	1	71.179.38.119	1
EN	anonymous	R_75Tbx0g0Gy6EzU5	200	-80.6865	R_75Tbx0g0Gy6EzU5	100	5f9d53c5a1f16e2576a935ed	2023-12-18T21:19:18Z	3	1	2023-12-18T21:22:39.080Z	2	2023-12-18T21:22:38Z	0	4	1	35.1936	3	174.216.4.142	3
EN	anonymous	R_3sCJ4Sxzu4j6LSN	131	-122.8475	R_3sCJ4Sxzu4j6LSN	100	656ea4a8b59440aff1d9c6b9	2023-12-18T21:21:18Z	2	1	2023-12-18T21:23:30.695Z	1	2023-12-18T21:23:30Z	0	5	1	42.3394	1	75.142.8.16	1
EN	anonymous	R_5pEDg3phXwy4K1L	95	-85.0803	R_5pEDg3phXwy4K1L	100	654ac658b81dd20951dec032	2023-12-18T21:22:20Z	1	1	2023-12-18T21:23:56.155Z	3	2023-12-18T21:23:55Z	0	5	1	33.5815	1	35.129.148.198	1
EN	anonymous	R_3DvB5p1dAD7SZ2O	109	-88.5672	R_3DvB5p1dAD7SZ2O	100	6580ab64459a9ec6fcc653b3	2023-12-18T21:25:38Z	1	2	2023-12-18T21:27:29.216Z	4	2023-12-18T21:27:28Z	0	5	1	39.1235	1	173.26.69.188	1
EN	anonymous	R_73Ttz6NGFam1omv	296	-84.1867	R_73Ttz6NGFam1omv	100	61fa8f62f42b633229bbf165	2023-12-18T21:25:57Z	1	2	2023-12-18T21:30:54.562Z	3	2023-12-18T21:30:54Z	0	5	1	39.6073	1	74.135.94.80	1
EN	anonymous	R_3wR0O0MTed8YrSL	75	-84.3385	R_3wR0O0MTed8YrSL	100	655e4106d5167a59c54d7dde	2023-12-18T21:30:27Z	1	2	2023-12-18T21:31:43.516Z	3	2023-12-18T21:31:43Z	0	5	1	33.8654	1	99.108.234.19	1
EN	anonymous	R_1qvSOtK4ZcNygsx	197	-78.6625	R_1qvSOtK4ZcNygsx	100	5d7d4ce5ea2fe40015dff554	2023-12-18T21:28:51Z	2	2	2023-12-18T21:32:09.325Z	2	2023-12-18T21:32:08Z	0	1	1	42.9102	2	67.251.111.28	1
EN	anonymous	R_6j6T3iY1WtyldBF	79	-96.3608	R_6j6T3iY1WtyldBF	100	63d9511eee7ec8c5f1ba144c	2023-12-18T21:33:04Z	1	2	2023-12-18T21:34:23.686Z	3	2023-12-18T21:34:23Z	0	5	1	32.962	1	206.248.32.73	1
EN	anonymous	R_7fdgdXFXaWXwwBj	157	-122.8324	R_7fdgdXFXaWXwwBj	100	614f675d535b2139e3a7d5d6	2023-12-18T21:32:48Z	1	2	2023-12-18T21:35:26.629Z	3	2023-12-18T21:35:26Z	0	5	1	45.6402	1	75.164.29.175	1
EN	anonymous	R_37fIZv1DyJoNPAS	82	-87.5655	R_37fIZv1DyJoNPAS	100	6510589f98d5a328674c2d41	2023-12-18T21:34:10Z	2	2	2023-12-18T21:35:34.076Z	3	2023-12-18T21:35:33Z	0	5	1	37.825	1	74.136.193.154	1
EN	anonymous	R_5fplVMIInrAKvsq	313	-80.5614	R_5fplVMIInrAKvsq	100	5cae90b5f84a7c00158d2c1e	2023-12-18T21:31:23Z	2	2	2023-12-18T21:36:37.326Z	3	2023-12-18T21:36:36Z	0	1	1	40.4171	1	71.60.163.46	1
EN	anonymous	R_7NlCxd5avkgIe02	226	-85.6942	R_7NlCxd5avkgIe02	100	5def36764194415d17f32c5b	2023-12-18T21:32:50Z	1	2	2023-12-18T21:36:37.707Z	3	2023-12-18T21:36:37Z	0	5	1	38.22	1	23.122.203.212	1
EN	anonymous	R_6B4IrBBBNn726FX	114	-75.2978	R_6B4IrBBBNn726FX	100	560ff9897ffc8a000f8112ff	2023-12-18T21:35:37Z	3	2	2023-12-18T21:37:33.177Z	3	2023-12-18T21:37:32Z	0	2	1	38.7678	1	73.129.46.39	2
EN	anonymous	R_7i2mtOerQ7LkkNd	122	-96.6814	R_7i2mtOerQ7LkkNd	100	65451f430fa4284b0c635f53	2023-12-18T21:35:53Z	1	2	2023-12-18T21:37:56.746Z	3	2023-12-18T21:37:56Z	0	5	1	32.8236	1	172.59.197.198	1
EN	anonymous	R_6FLyQE716C8ZZvP	105	-122.6789	R_6FLyQE716C8ZZvP	100	60fd25562f38d555f7f1ac67	2023-12-18T21:36:19Z	1	3	2023-12-18T21:38:05.188Z	1	2023-12-18T21:38:04Z	0	5	1	45.5248	1	107.122.81.131	1
EN	anonymous	R_6zfe9v4AcblbyXn	106	-84.5026	R_6zfe9v4AcblbyXn	100	5d8793d36c53380015139da9	2023-12-18T21:36:22Z	1	1	2023-12-18T21:38:09.450Z	2	2023-12-18T21:38:08Z	0	5	1	34.1078	1	172.127.48.202	1
EN	anonymous	R_3rMsNfx4yYnCQ7D	116	-118.3923	R_3rMsNfx4yYnCQ7D	100	5ea98c8747b7860a96ff3c90	2023-12-18T21:36:43Z	1	2	2023-12-18T21:38:40.160Z	3	2023-12-18T21:38:39Z	0	5	1	33.8631	1	47.144.145.254	1
EN	anonymous	R_7XYFE9opgYhFMJj	98	-87.7449	R_7XYFE9opgYhFMJj	100	5ffc9acaaacffc0cb55ba3ab	2023-12-18T21:37:04Z	1	2	2023-12-18T21:38:43.384Z	2	2023-12-18T21:38:42Z	0	2	1	39.0122	1	173.17.111.210	1
EN	anonymous	R_51bMPhw6EtK8cki	230	-77.3451	R_51bMPhw6EtK8cki	100	654503ae77aaea7a1360240c	2023-12-18T21:34:58Z	1	1	2023-12-18T21:38:48.852Z	2	2023-12-18T21:38:48Z	0	5	1	38.6438	4	174.219.249.11	1
EN	anonymous	R_1q68MKJe0tNKBc5	152	-74.2727	R_1q68MKJe0tNKBc5	100	5fc428fae5097e713227eb40	2023-12-18T21:36:40Z	1	2	2023-12-18T21:39:13.242Z	3	2023-12-18T21:39:12Z	0	5	1	40.7304	1	74.105.154.184	3
EN	anonymous	R_3qaeylk3safbFRL	168	-82.3959	R_3qaeylk3safbFRL	100	614f5734ca61d17940ac78b3	2023-12-18T21:36:55Z	1	2	2023-12-18T21:39:43.463Z	3	2023-12-18T21:39:43Z	0	5	1	34.7981	3	12.42.17.114	1
EN	anonymous	R_5xmXwLeL6vCkqWJ	296	-81.4317	R_5xmXwLeL6vCkqWJ	100	6500d3341fca3892ad10d44a	2023-12-18T21:34:55Z	1	1	2023-12-18T21:39:52.214Z	1	2023-12-18T21:39:51Z	0	5	1	28.6225	1	172.56.74.77	1
EN	anonymous	R_6exGwlbhflSKC62	236	-97.7243	R_6exGwlbhflSKC62	100	55b94954fdf99b45b103420b	2023-12-18T21:36:09Z	1	2	2023-12-18T21:40:07.154Z	3	2023-12-18T21:40:06Z	0	5	1	30.2304	1	204.137.227.200	1
EN	anonymous	R_6aCELMuKdLfagHT	118	-88.1995	R_6aCELMuKdLfagHT	100	62ce6179fe6f8ec7e399cea0	2023-12-18T21:38:09Z	2	3	2023-12-18T21:40:08.526Z	2	2023-12-18T21:40:07Z	0	1	1	41.8879	1	98.46.191.162	3
EN	anonymous	R_1G49sF08I4HPB9D	96	-117.2862	R_1G49sF08I4HPB9D	100	645fd4de4a40a80d6cbe70f2	2023-12-18T21:38:42Z	1	2	2023-12-18T21:40:19.850Z	3	2023-12-18T21:40:19Z	0	5	1	33.1955	1	174.65.241.27	1
EN	anonymous	R_7LaIsGwSDusyssh	401	-80.6568	R_7LaIsGwSDusyssh	100	6409220c6166510beff12d14	2023-12-18T21:33:38Z	1	3	2023-12-18T21:40:20.199Z	3	2023-12-18T21:40:19Z	0	5	1	28.2764	1	45.24.106.179	1
EN	anonymous	R_3gqC7xnvEqrhQRl	233	-105.0269	R_3gqC7xnvEqrhQRl	100	55c68d2bfdf99b67b7b50a91	2023-12-18T21:36:43Z	1	1	2023-12-18T21:40:37.651Z	2	2023-12-18T21:40:37Z	0	5	1	39.7351	1	184.96.202.171	3
EN	anonymous	R_6AlC3MFS2gCTuN3	339	-98.8104	R_6AlC3MFS2gCTuN3	100	6563533cc6a66751799ad06a	2023-12-18T21:36:14Z	3	2	2023-12-18T21:41:55.184Z	3	2023-12-18T21:41:54Z	0	3	1	26.3942	1	35.147.41.15	1
EN	anonymous	R_6dm4tv8ThOPFniI	92	-84.4455	R_6dm4tv8ThOPFniI	100	6110a3cea048e6a387686a00	2023-12-18T21:40:51Z	3	3	2023-12-18T21:42:24.438Z	1	2023-12-18T21:42:23Z	0	2	1	33.7838	1	199.185.175.67	1
EN	anonymous	R_7g5FZC87RQArakf	285	-95.5564	R_7g5FZC87RQArakf	100	655ce483f596bc00eab95320	2023-12-18T21:38:43Z	1	1	2023-12-18T21:43:29.624Z	3	2023-12-18T21:43:29Z	0	5	1	29.7335	1	75.217.150.181	2
EN	anonymous	R_3P1NXHMCkqub3WC	259	-116.2001	R_3P1NXHMCkqub3WC	100	63f804e5483d1817b4f207b9	2023-12-18T21:39:15Z	1	1	2023-12-18T21:43:35.794Z	4	2023-12-18T21:43:35Z	0	5	1	43.6165	1	172.56.201.48	1
EN	anonymous	R_1jkMb4n8ZH7s81H	500	-94.3652	R_1jkMb4n8ZH7s81H	100	572036a1fd3a5200093c126b	2023-12-18T21:35:27Z	1	2	2023-12-18T21:43:48.498Z	3	2023-12-18T21:43:47Z	0	5	1	38.9949	1	12.25.146.170	1
EN	anonymous	R_6OrfUumuRCVI3LC	286	-118.3769	R_6OrfUumuRCVI3LC	100	5e6cade3d92ffb26677dbd84	2023-12-18T21:39:02Z	2	1	2023-12-18T21:43:49.947Z	1	2023-12-18T21:43:49Z	0	3	1	34.0598	1	98.147.152.225	1
EN	anonymous	R_6scUFXpoOrIkA6Z	150	-84.3861	R_6scUFXpoOrIkA6Z	100	644bd5f65278efdaecb4f62f	2023-12-18T21:41:34Z	1	2	2023-12-18T21:44:05.421Z	3	2023-12-18T21:44:04Z	0	5	1	33.8019	1	170.55.121.162	3
EN	anonymous	R_5obSHJ5ruyJiCWZ	76	-76.4926	R_5obSHJ5ruyJiCWZ	100	5fc98fe1b105424d4b03381b	2023-12-18T21:42:52Z	1	2	2023-12-18T21:44:09.761Z	3	2023-12-18T21:44:09Z	0	5	1	42.4444	1	128.84.126.107	1
EN	anonymous	R_3PmYmrqiRtKNlHi	141	-82.0263	R_3PmYmrqiRtKNlHi	100	6486379af229c305ab5e63fa	2023-12-18T21:42:22Z	1	2	2023-12-18T21:44:44.464Z	1	2023-12-18T21:44:43Z	0	5	1	26.6786	2	71.208.10.214	1
EN	anonymous	R_7YysniXvMXePN1n	160	-112.0902	R_7YysniXvMXePN1n	100	633129042bb1ab9f1847e81f	2023-12-18T21:42:05Z	1	1	2023-12-18T21:44:46.453Z	3	2023-12-18T21:44:45Z	0	5	1	33.5594	4	172.56.80.243	2
EN	anonymous	R_7TmOrT2CXg6ofER	155	-117.9663	R_7TmOrT2CXg6ofER	100	6413ed6a23881edc2e190e15	2023-12-18T21:42:38Z	1	1	2023-12-18T21:45:14.384Z	2	2023-12-18T21:45:13Z	0	5	1	33.6647	1	172.117.113.169	1
EN	anonymous	R_1B2WOkn8iPq5eQp	255	-96.8917	R_1B2WOkn8iPq5eQp	100	6478e9af7d038af16d294843	2023-12-18T21:41:17Z	1	2	2023-12-18T21:45:33.639Z	3	2023-12-18T21:45:33Z	0	5	1	32.9247	1	76.192.101.167	3
EN	anonymous	R_6uCgpyqh0fR7UEt	189	-76.4926	R_6uCgpyqh0fR7UEt	100	60fe4500b9d48a537a42f35a	2023-12-18T21:42:34Z	1	3	2023-12-18T21:45:44.343Z	3	2023-12-18T21:45:43Z	0	5	1	42.4444	1	76.37.146.98	2
EN	anonymous	R_7mtpe4YHza2H9LD	150	-157.8667	R_7mtpe4YHza2H9LD	100	655fa6bf1cfd3bd5343e7778	2023-12-18T21:43:16Z	1	1	2023-12-18T21:45:47.537Z	4	2023-12-18T21:45:47Z	0	5	1	21.3037	1	172.56.44.124	1
EN	anonymous	R_6wB5j2EIAq2L23q	266	-82.6307	R_6wB5j2EIAq2L23q	100	5a4fab63eedc32000141ec5c	2023-12-18T21:41:32Z	1	1	2023-12-18T21:45:59.491Z	2	2023-12-18T21:45:58Z	0	5	1	34.5251	1	75.130.148.228	1
EN	anonymous	R_7g5dhwjwmBtfDUp	123	-111.841	R_7g5dhwjwmBtfDUp	100	62b49c65c45131879b8438d3	2023-12-18T21:44:11Z	1	1	2023-12-18T21:46:15.706Z	1	2023-12-18T21:46:15Z	0	5	1	40.6982	1	136.38.96.108	1
EN	anonymous	R_5GNyhPw1S3pq8lO	134	-83.8164	R_5GNyhPw1S3pq8lO	100	600c167e28de48080e812884	2023-12-18T21:44:01Z	1	1	2023-12-18T21:46:16.681Z	3	2023-12-18T21:46:16Z	0	5	1	36.1174	1	97.148.96.52	1
EN	anonymous	R_5OoF9wQazS2w1QR	398	-118.063	R_5OoF9wQazS2w1QR	100	60ff5cd36ed5a267f814bf36	2023-12-18T21:41:08Z	1	2	2023-12-18T21:47:46.607Z	3	2023-12-18T21:47:46Z	0	5	1	33.7976	1	45.51.41.82	1
EN	anonymous	R_5DnJVNb1q2xPcYX	146	-82.0032	R_5DnJVNb1q2xPcYX	100	656a0556c9c6effafb945b4b	2023-12-18T21:47:07Z	1	2	2023-12-18T21:49:33.811Z	1	2023-12-18T21:49:33Z	0	5	1	39.9275	1	74.129.5.57	1
EN	anonymous	R_50kGwmpV4UjsCAA	1075	-83.1493	R_50kGwmpV4UjsCAA	100	6121e36192d8fd0203910a30	2023-12-18T21:38:16Z	1	1	2023-12-18T21:56:12.726Z	1	2023-12-18T21:56:12Z	0	4	1	42.3914	1	172.58.127.22	1
EN	anonymous	R_6F4KnadWDZn7CvR	377	-74.9721	R_6F4KnadWDZn7CvR	100	656f4c13a2c8f844c7ec6b94	2023-12-25T15:26:00Z	3	2	2023-12-25T15:32:19.419Z	3	2023-12-25T15:32:18Z	0	5	1	39.884	1	108.24.175.139	1
EN	anonymous	R_1f9rixhyCCB3LQR	172	-84.3396	R_1f9rixhyCCB3LQR	100	5b65f7935c431c000127ae5f	2023-12-25T15:29:37Z	1	2	2023-12-25T15:32:30.054Z	2	2023-12-25T15:32:29Z	0	5	1	39.0584	1	163.182.35.154	3
EN	anonymous	R_3VxSsYQFSRzrJsV	73	-95.0977	R_3VxSsYQFSRzrJsV	100	5dfa956b247354017ef9e5a5	2023-12-25T15:32:49Z	1	2	2023-12-25T15:34:03.735Z	3	2023-12-25T15:34:03Z	0	5	1	29.5183	3	98.195.105.86	1
EN	anonymous	R_17akfSkSfEp8XAZ	636	-119.1034	R_17akfSkSfEp8XAZ	100	657342208a2c0bd370472fd7	2023-12-25T15:26:15Z	3	2	2023-12-25T15:36:52.682Z	3	2023-12-25T15:36:52Z	0	3	1	46.2515	1	174.31.35.80	1
EN	anonymous	R_1Ufzfxaa6aZZncl	92	-98.5499	R_1Ufzfxaa6aZZncl	100	6074391ef6527366aa827f42	2023-12-25T15:36:54Z	1	1	2023-12-25T15:38:27.079Z	3	2023-12-25T15:38:26Z	0	5	1	29.5443	1	136.50.138.71	1
EN	anonymous	R_5X4FMczJDgnheMz	94	-95.0977	R_5X4FMczJDgnheMz	100	63e55b9998cfe6f533667161	2023-12-25T15:37:14Z	1	2	2023-12-25T15:38:49.801Z	3	2023-12-25T15:38:49Z	0	5	1	29.5183	1	47.160.160.107	1
EN	anonymous	R_1g8dBA4avzJHh1D	119	-73.8753	R_1g8dBA4avzJHh1D	100	628bdbc77a9dddcd7f4ed538	2023-12-25T15:37:01Z	1	2	2023-12-25T15:39:01.626Z	3	2023-12-25T15:39:01Z	0	4	1	40.6764	1	172.56.162.241	1
EN	anonymous	R_3yrDpjGHRVpi1EJ	304	-117.0935	R_3yrDpjGHRVpi1EJ	100	658742706fa6fd9a37696a1f	2023-12-25T15:36:27Z	2	2	2023-12-25T15:41:32.884Z	3	2023-12-25T15:41:32Z	0	5	1	32.7405	1	107.223.113.96	3
EN	anonymous	R_5SDD1aTUfjvaFu1	70	-75.296	R_5SDD1aTUfjvaFu1	100	6108696dc9d16e886749e495	2023-12-25T15:41:28Z	1	2	2023-12-25T15:42:38.709Z	3	2023-12-25T15:42:38Z	0	5	1	40.2363	1	100.11.123.185	1
EN	anonymous	R_6sABcKYSvBaGZnk	103	-80.1886	R_6sABcKYSvBaGZnk	100	5edb7982f3b2f87f8ef83236	2023-12-25T15:43:38Z	1	2	2023-12-25T15:45:22.245Z	3	2023-12-25T15:45:21Z	0	5	1	25.7634	1	73.85.8.109	1
EN	anonymous	R_5DuaXPCVrdiAnfy	133	-117.8457	R_5DuaXPCVrdiAnfy	100	5f12691e8427ec1bd6ba5e64	2023-12-25T15:44:04Z	1	2	2023-12-25T15:46:17.951Z	2	2023-12-25T15:46:17Z	0	5	1	34.1535	1	76.89.94.82	1
EN	anonymous	R_12JZrTs4W4dRk9y	266	-90.2049	R_12JZrTs4W4dRk9y	100	611134d4e32003c61fb64f78	2023-12-25T15:43:49Z	1	2	2023-12-25T15:48:16.492Z	2	2023-12-25T15:48:15Z	0	5	1	38.9458	1	174.86.53.87	3
EN	anonymous	R_5cOaNcfGAkCL08F	102	-106.5199	R_5cOaNcfGAkCL08F	100	5d46da4ae67c9400192c4343	2023-12-25T15:47:13Z	1	1	2023-12-25T15:48:56.327Z	3	2023-12-25T15:48:55Z	0	5	1	35.1369	1	69.247.78.208	1
EN	anonymous	R_7ruyIMZrv8mviZ1	139	-96.0325	R_7ruyIMZrv8mviZ1	100	6376e34cb9fc3dab5a718c87	2023-12-25T15:48:27Z	1	2	2023-12-25T15:50:48.140Z	2	2023-12-25T15:50:47Z	0	4	1	41.155	1	174.70.48.70	1
EN	anonymous	R_7gMdEgev6dKpTE6	103	-77.3584	R_7gMdEgev6dKpTE6	100	5ec6db19304ce10f8c56c111	2023-12-25T15:49:31Z	1	2	2023-12-25T15:51:15.833Z	3	2023-12-25T15:51:15Z	0	5	1	39.7837	1	71.207.98.162	1
EN	anonymous	R_5mDFp4DcK5TvhGg	119	-116.5291	R_5mDFp4DcK5TvhGg	100	6585a72a09f022fbe598d16a	2023-12-25T15:49:15Z	1	2	2023-12-25T15:51:15.980Z	4	2023-12-25T15:51:15Z	0	5	1	48.3148	4	69.59.65.8	1
EN	anonymous	R_7fdMGT0ct3ap1MB	184	-101.9316	R_7fdMGT0ct3ap1MB	100	628ecaf78869ed2022d7690f	2023-12-25T15:48:13Z	2	1	2023-12-25T15:51:18.704Z	2	2023-12-25T15:51:18Z	0	5	1	33.5119	1	108.88.113.28	1
EN	anonymous	R_3uF2uwclelZukNw	329	-80.3153	R_3uF2uwclelZukNw	100	5ddc7c26370810bfb7e7ae8d	2023-12-25T15:46:24Z	1	2	2023-12-25T15:51:53.883Z	3	2023-12-25T15:51:53Z	0	5	1	26.1522	1	66.229.225.65	1
EN	anonymous	R_1PX0CMDJx9sBQD3	161	-75.296	R_1PX0CMDJx9sBQD3	100	656f47c38d6a2aa50bccb845	2023-12-25T15:50:57Z	1	2	2023-12-25T15:53:39.469Z	2	2023-12-25T15:53:38Z	0	5	1	40.2363	1	100.11.132.50	1
EN	anonymous	R_7iCooTVUpleDMw8	172	-87.9904	R_7iCooTVUpleDMw8	100	5a94362e873cda0001dc66c9	2023-12-25T15:50:51Z	2	2	2023-12-25T15:53:44.013Z	1	2023-12-25T15:53:43Z	0	5	1	43.1166	1	172.59.96.75	1
EN	anonymous	R_7AQbnqjEpOIFfwd	83	-70.0971	R_7AQbnqjEpOIFfwd	100	5ff0a8832f5671f96de3474c	2023-12-25T15:52:24Z	1	1	2023-12-25T15:53:48.739Z	1	2023-12-25T15:53:48Z	0	5	1	41.2727	1	73.69.46.49	1
EN	anonymous	R_6CQyaVMkNy6CaIz	161	-79.1577	R_6CQyaVMkNy6CaIz	100	60fe04ef652fd1fafaa4ae50	2023-12-25T15:51:30Z	1	2	2023-12-25T15:54:12.622Z	1	2023-12-25T15:54:11Z	0	5	1	42.537	1	76.180.10.86	1
EN	anonymous	R_7JpXbpYEzu51fYU	83	-73.7262	R_7JpXbpYEzu51fYU	100	631e42d73ed7ab9812b91cc2	2023-12-25T15:56:02Z	1	2	2023-12-25T15:57:27.027Z	3	2023-12-25T15:57:26Z	0	5	1	40.789	1	69.118.27.66	1
EN	anonymous	R_7TZTzOGOtLtpIml	170	-95.9272	R_7TZTzOGOtLtpIml	100	5a230e4fd5510b0001977feb	2023-12-25T15:55:41Z	1	2	2023-12-25T15:58:32.528Z	3	2023-12-25T15:58:31Z	0	5	1	36.7407	1	24.119.33.150	1
EN	anonymous	R_5kUnqBXqAtLpXEw	86	-81.6221	R_5kUnqBXqAtLpXEw	100	61087b35fb326cf69c073aff	2023-12-25T15:57:08Z	1	3	2023-12-25T15:58:35.654Z	1	2023-12-25T15:58:34Z	0	5	1	28.6344	3	174.211.228.230	1
EN	anonymous	R_6jSPT1RsekHEO7E	203	-93.1551	R_6jSPT1RsekHEO7E	100	559ae660fdf99b361ac4662c	2023-12-25T15:55:59Z	1	2	2023-12-25T15:59:23.468Z	1	2023-12-25T15:59:22Z	0	5	1	44.9548	1	174.20.60.209	1
EN	anonymous	R_6b28ipstbAG0V5A	215	-84.3871	R_6b28ipstbAG0V5A	100	63bc8a7755c8f23d7bfa3d65	2023-12-25T15:56:03Z	1	2	2023-12-25T15:59:39.444Z	3	2023-12-25T15:59:38Z	0	5	1	33.7485	1	107.77.232.25	1
EN	anonymous	R_7HIGWj8uTydiSmu	143	-94.7191	R_7HIGWj8uTydiSmu	100	5d851419d126db0001cf0396	2023-12-25T15:57:26Z	2	1	2023-12-25T15:59:49.910Z	4	2023-12-25T15:59:49Z	0	5	1	39.214	1	136.35.232.68	1
EN	anonymous	R_6U9FosDLjBmZXbq	319	-82.9665	R_6U9FosDLjBmZXbq	100	6581a4070f9c1b2a8087e758	2023-12-25T15:55:34Z	3	1	2023-12-25T16:00:54.410Z	3	2023-12-25T16:00:53Z	0	2	1	40.0818	4	172.59.33.191	3
EN	anonymous	R_19l4HRAF7jpf71L	131	-80.6031	R_19l4HRAF7jpf71L	100	65269d090fba3d983ba6a949	2023-12-25T15:59:19Z	1	2	2023-12-25T16:01:31.299Z	2	2023-12-25T16:01:30Z	0	5	1	35.4838	1	69.40.192.114	1
EN	anonymous	R_3iCgJBQI3OwVpVw	78	-86.8927	R_3iCgJBQI3OwVpVw	100	595bee9282be5500017ad683	2023-12-25T16:01:10Z	1	2	2023-12-25T16:02:30.129Z	3	2023-12-25T16:02:29Z	0	5	1	33.5484	1	107.146.135.79	1
EN	anonymous	R_3k0omBgqDSArT7c	116	-97.0394	R_3k0omBgqDSArT7c	100	5dd6f563270f44688d3cd745	2023-12-25T16:01:12Z	3	2	2023-12-25T16:03:09.222Z	3	2023-12-25T16:03:08Z	0	4	1	47.8977	1	140.186.119.105	1
EN	anonymous	R_623CjzF9tEnGf9r	94	-81.5135	R_623CjzF9tEnGf9r	100	55c65b6cfdf99b537b7f9dc7	2023-12-25T16:01:34Z	2	1	2023-12-25T16:03:09.781Z	3	2023-12-25T16:03:09Z	0	1	1	28.7115	1	184.90.141.95	1
EN	anonymous	R_6jrY3qgmrzLu7nl	88	-117.6622	R_6jrY3qgmrzLu7nl	100	64543d5ed0c75f8501046ef4	2023-12-25T16:02:56Z	1	2	2023-12-25T16:04:25.275Z	3	2023-12-25T16:04:24Z	0	5	1	33.6128	1	104.53.140.14	1
EN	anonymous	R_3dWLDVSNn3wkPyc	228	-112.0253	R_3dWLDVSNn3wkPyc	100	60fcf2039a5cdfcc26e4d063	2023-12-25T16:01:02Z	1	2	2023-12-25T16:04:50.944Z	3	2023-12-25T16:04:50Z	0	5	1	33.5038	1	71.209.177.44	1
EN	anonymous	R_5zUuVp6fu4dCaW8	190	-73.9904	R_5zUuVp6fu4dCaW8	100	6081ca47eeed1bb51c1d7f7b	2023-12-25T16:01:58Z	1	2	2023-12-25T16:05:09.645Z	3	2023-12-25T16:05:09Z	0	5	1	40.7359	1	68.237.205.23	1
EN	anonymous	R_6gf2GC7pNVjzqmd	162	-76.8078	R_6gf2GC7pNVjzqmd	100	6362284d068a62906d1cc4d1	2023-12-25T16:03:20Z	1	3	2023-12-25T16:06:04.206Z	2	2023-12-25T16:06:03Z	0	4	1	42.0943	4	76.37.96.98	1
EN	anonymous	R_3iUlt0uaZmh2HXb	125	-95.6599	R_3iUlt0uaZmh2HXb	100	62acca0e028fea59c33bf2fe	2023-12-25T16:04:35Z	1	1	2023-12-25T16:06:41.741Z	1	2023-12-25T16:06:40Z	0	5	1	29.8478	3	174.203.6.167	1
EN	anonymous	R_5n2OaA1mRpQxRD9	157	-84.008	R_5n2OaA1mRpQxRD9	100	60ff9a73f5eca5e11ae6352c	2023-12-25T16:04:47Z	1	2	2023-12-25T16:07:25.846Z	3	2023-12-25T16:07:25Z	0	5	1	35.837	1	174.177.76.195	1
EN	anonymous	R_5Xy3JdTEcXpK32V	137	-117.165	R_5Xy3JdTEcXpK32V	100	629e240d15c1ee22dbcdfd1f	2023-12-25T16:05:43Z	1	1	2023-12-25T16:08:01.250Z	2	2023-12-25T16:08:00Z	0	5	1	32.7449	1	72.197.183.28	1
EN	anonymous	R_3EJSUZHMkVdWcJR	163	-86.3881	R_3EJSUZHMkVdWcJR	100	651aa7db39658e91e9469c80	2023-12-25T16:05:46Z	1	2	2023-12-25T16:08:30.279Z	2	2023-12-25T16:08:29Z	0	5	1	35.8437	1	174.238.169.124	1
EN	anonymous	R_31haQWVKnsw5T0m	186	-84.0791	R_31haQWVKnsw5T0m	100	5e1276f7e69d0a912635da16	2023-12-25T16:05:43Z	1	2	2023-12-25T16:08:50.481Z	3	2023-12-25T16:08:49Z	0	5	1	33.9372	1	24.99.102.134	1
EN	anonymous	R_7ob7Ms9hnEzqJdR	156	-98.4936	R_7ob7Ms9hnEzqJdR	100	656a74e0234d6c5371d3f042	2023-12-25T16:06:15Z	1	1	2023-12-25T16:08:52.747Z	2	2023-12-25T16:08:52Z	0	5	1	29.4411	2	172.59.233.70	1
EN	anonymous	R_3LGqEKGLHgcnTcL	99	-82.386	R_3LGqEKGLHgcnTcL	100	57ac9e210493620001d3a277	2023-12-25T16:07:22Z	1	2	2023-12-25T16:09:02.910Z	3	2023-12-25T16:09:02Z	0	5	1	29.6138	1	23.123.106.151	1
EN	anonymous	R_52PHVyAhbpYv2T2	268	-87.7185	R_52PHVyAhbpYv2T2	100	63a5d44a2536f3e1cfb42541	2023-12-25T16:04:43Z	3	2	2023-12-25T16:09:12.149Z	1	2023-12-25T16:09:11Z	0	4	1	41.8825	1	172.59.188.102	1
EN	anonymous	R_1osT1uqO9kWiga5	123	-112.0253	R_1osT1uqO9kWiga5	100	60c261fc9149f791a6f20a54	2023-12-25T16:07:21Z	1	3	2023-12-25T16:09:25.559Z	2	2023-12-25T16:09:25Z	0	4	1	33.5038	1	72.216.133.235	1
EN	anonymous	R_7OobHPYynU7Cy4T	116	-104.7866	R_7OobHPYynU7Cy4T	100	64d59329f652ebed1955560d	2023-12-25T16:07:31Z	1	2	2023-12-25T16:09:28.203Z	2	2023-12-25T16:09:27Z	0	5	1	39.6562	4	75.71.88.101	1
EN	anonymous	R_7RpSwmtM7oL7GN4	198	-121.313	R_7RpSwmtM7oL7GN4	100	656383eac728fc8ebcf313e6	2023-12-25T16:06:18Z	1	2	2023-12-25T16:09:38.175Z	3	2023-12-25T16:09:37Z	0	5	1	38.6967	1	67.187.134.55	1
EN	anonymous	R_7qPULTjhRFCptfD	175	-76.8362	R_7qPULTjhRFCptfD	100	609d9d4ac5a6c58f5554af71	2023-12-25T16:06:50Z	3	2	2023-12-25T16:09:46.570Z	3	2023-12-25T16:09:46Z	0	5	1	39.211	1	73.200.184.44	1
EN	anonymous	R_61WLldQThrtyivE	163	-104.8633	R_61WLldQThrtyivE	100	5dddd93ce2dcbdd58abe31f2	2023-12-25T16:08:48Z	1	2	2023-12-25T16:11:32.767Z	3	2023-12-25T16:11:32Z	0	5	1	39.732	1	75.71.40.167	1
EN	anonymous	R_38MuEWFmVaybCS9	153	-74.3039	R_38MuEWFmVaybCS9	100	5bd23f11f8e0680001660e14	2023-12-25T16:09:21Z	1	1	2023-12-25T16:11:54.897Z	2	2023-12-25T16:11:54Z	0	5	1	40.4605	1	24.47.220.131	3
EN	anonymous	R_6kpjbb62fyVA52m	110	-82.5074	R_6kpjbb62fyVA52m	100	614e7ef6e98951c5af6fd9f7	2023-12-25T16:10:26Z	1	1	2023-12-25T16:12:17.275Z	3	2023-12-25T16:12:16Z	0	5	1	27.893	1	174.211.108.176	1
EN	anonymous	R_50PzcjrA6X49oxb	407	-89.9085	R_50PzcjrA6X49oxb	100	64862dc8ab0550c6e4aee2c9	2023-12-25T16:05:31Z	2	2	2023-12-25T16:12:19.101Z	3	2023-12-25T16:12:18Z	0	5	1	35.1128	1	70.130.111.34	1
EN	anonymous	R_5ApEi5mdBbZgVwJ	177	-76.2221	R_5ApEi5mdBbZgVwJ	100	63cff0ee5a71205791bc62c5	2023-12-25T16:09:32Z	3	3	2023-12-25T16:12:29.639Z	1	2023-12-25T16:12:29Z	0	2	1	43.1493	1	24.103.128.99	1
EN	anonymous	R_1ImDhcZ2tEcvEOc	114	-88.9865	R_1ImDhcZ2tEcvEOc	100	5c57890153fba80001bd3ba1	2023-12-25T16:11:04Z	1	2	2023-12-25T16:12:59.302Z	3	2023-12-25T16:12:58Z	0	5	1	39.8443	1	73.110.37.48	1
EN	anonymous	R_35Fm0nsC4AzBszf	229	-83.135	R_35Fm0nsC4AzBszf	100	650af7c514f8c6a0c0a91332	2023-12-25T16:09:46Z	1	2	2023-12-25T16:13:37.094Z	3	2023-12-25T16:13:36Z	0	5	1	42.4933	1	99.158.225.21	1
EN	anonymous	R_6CBKsMeyMVXUnlz	94	-96.8141	R_6CBKsMeyMVXUnlz	100	5de1986c040f531f97eb6092	2023-12-25T16:12:07Z	1	2	2023-12-25T16:13:42.313Z	3	2023-12-25T16:13:41Z	0	5	1	32.8131	1	172.59.194.214	1
EN	anonymous	R_6lGEiwCRHiyOqDs	154	-119.8629	R_6lGEiwCRHiyOqDs	100	63d31b44050f25d498f32cd1	2023-12-25T16:11:22Z	1	2	2023-12-25T16:13:57.353Z	3	2023-12-25T16:13:56Z	0	5	1	39.4788	1	71.83.120.59	2
EN	anonymous	R_3F20x6szIkgu2k1	308	-77.0203	R_3F20x6szIkgu2k1	100	5fd8fd5b9059451343f81263	2023-12-25T16:09:05Z	1	2	2023-12-25T16:14:14.313Z	2	2023-12-25T16:14:13Z	0	5	1	38.9091	1	73.173.186.36	1
EN	anonymous	R_1Y8jZllMcPnP0gF	111	-84.2601	R_1Y8jZllMcPnP0gF	100	5eb0deb2bd00da19c156f390	2023-12-25T16:13:23Z	2	1	2023-12-25T16:15:14.961Z	3	2023-12-25T16:15:14Z	0	5	1	33.7542	1	24.126.151.19	1
EN	anonymous	R_5pQi55ax5BeWTlh	148	-115.0886	R_5pQi55ax5BeWTlh	100	62ddda5556d80cb75d1f9bee	2023-12-25T16:13:32Z	2	1	2023-12-25T16:16:00.945Z	2	2023-12-25T16:16:00Z	0	5	1	36.0907	1	72.193.206.223	1
EN	anonymous	R_5MsyWdqTbv91vtA	92	-73.9473	R_5MsyWdqTbv91vtA	100	5ac015efe1099600016a5d17	2023-12-25T16:14:41Z	1	2	2023-12-25T16:16:14.674Z	3	2023-12-25T16:16:14Z	0	5	1	40.7064	1	166.194.188.137	1
EN	anonymous	R_16ngqDJBjAIcRMQ	124	-122.8047	R_16ngqDJBjAIcRMQ	100	62926b2bba027005e0a84475	2023-12-25T16:14:19Z	1	2	2023-12-25T16:16:24.730Z	3	2023-12-25T16:16:24Z	0	5	1	38.5463	4	73.223.206.27	1
EN	anonymous	R_32XJAJYZyuRaLFM	142	-74.8354	R_32XJAJYZyuRaLFM	100	5c5c7b424fff5700017eb384	2023-12-25T16:14:02Z	1	1	2023-12-25T16:16:25.136Z	4	2023-12-25T16:16:24Z	0	5	1	39.9834	2	73.10.188.205	1
EN	anonymous	R_1OV6944OCHUYLqg	133	-83.7732	R_1OV6944OCHUYLqg	100	60fece35afedb0bdd821592a	2023-12-25T16:14:21Z	1	1	2023-12-25T16:16:35.531Z	1	2023-12-25T16:16:35Z	0	5	1	34.2576	1	73.82.242.203	1
EN	anonymous	R_1el9KlKyCBwNYTC	203	-87.7393	R_1el9KlKyCBwNYTC	100	657e9e4a33c7028e7427cbaf	2023-12-25T16:13:22Z	3	3	2023-12-25T16:16:46.701Z	3	2023-12-25T16:16:46Z	0	4	1	41.9457	2	172.58.164.245	1
EN	anonymous	R_52t2eA3YTrIPy3e	163	-79.7777	R_52t2eA3YTrIPy3e	100	656352099216e3f40fcd121d	2023-12-25T16:14:19Z	2	2	2023-12-25T16:17:03.298Z	3	2023-12-25T16:17:02Z	0	5	1	36.1219	2	71.71.93.224	1
EN	anonymous	R_3IY1AJuwJ3D7DX4	182	-73.9858	R_3IY1AJuwJ3D7DX4	100	656c93ddc053d63a280ae0dd	2023-12-25T16:14:36Z	1	1	2023-12-25T16:17:39.531Z	3	2023-12-25T16:17:39Z	0	5	1	40.738	1	173.56.64.106	1
EN	anonymous	R_5IFcD1imfIBtQ6T	54	-118.1888	R_5IFcD1imfIBtQ6T	100	62fcdbdd2bc88e5f058ca548	2023-12-25T16:16:48Z	1	2	2023-12-25T16:17:43.840Z	3	2023-12-25T16:17:43Z	0	5	1	34.113	1	76.176.31.224	1
EN	anonymous	R_7Pe6AB5jPzXxwWM	393	-117.9053	R_7Pe6AB5jPzXxwWM	100	655f8e46111e1df6951e1ede	2023-12-25T16:11:50Z	1	2	2023-12-25T16:18:23.815Z	3	2023-12-25T16:18:23Z	0	4	1	33.8956	4	47.229.243.132	1
EN	anonymous	R_1m7R7RFo62WkoSA	131	-74.7031	R_1m7R7RFo62WkoSA	100	6279333f71a274556df70ee2	2023-12-25T16:16:26Z	1	2	2023-12-25T16:18:38.698Z	3	2023-12-25T16:18:38Z	0	5	1	40.9024	3	47.18.161.28	1
EN	anonymous	R_1nW6Y202SDQ9g7B	218	-98.5677	R_1nW6Y202SDQ9g7B	100	6522b5d885b97591017c0418	2023-12-25T16:15:02Z	1	2	2023-12-25T16:18:41.981Z	3	2023-12-25T16:18:41Z	0	5	1	29.4553	1	136.51.52.239	1
EN	anonymous	R_55z5qjdD3EgZHrO	95	-77.0336	R_55z5qjdD3EgZHrO	100	5bb91c132e2fe50001be0d08	2023-12-25T16:18:10Z	1	2	2023-12-25T16:19:45.540Z	3	2023-12-25T16:19:45Z	0	5	1	38.9994	1	216.164.53.59	1
EN	anonymous	R_51pwJITUxz9Mnq6	154	-75.296	R_51pwJITUxz9Mnq6	100	645a93f0017bb2a61f0cf72a	2023-12-25T16:17:29Z	1	2	2023-12-25T16:20:04.409Z	2	2023-12-25T16:20:03Z	0	5	1	40.2363	1	100.11.123.100	3
EN	anonymous	R_1hASBgSrUwGUa7P	165	-117.6105	R_1hASBgSrUwGUa7P	100	6290d05992a97c47797f9de3	2023-12-25T16:17:35Z	1	2	2023-12-25T16:20:21.295Z	3	2023-12-25T16:20:20Z	0	5	1	33.9243	1	70.241.139.35	1
EN	anonymous	R_5PLhEvsCsk9sp7X	105	-79.0058	R_5PLhEvsCsk9sp7X	100	593890eac6aa16000101f037	2023-12-25T16:19:10Z	3	2	2023-12-25T16:20:56.397Z	1	2023-12-25T16:20:55Z	0	5	1	35.0597	4	174.110.0.177	1
EN	anonymous	R_1wi626SxeAf1pEy	163	-122.6322	R_1wi626SxeAf1pEy	100	6574bd9b9b3c601d1c28500f	2023-12-25T16:18:23Z	1	1	2023-12-25T16:21:07.457Z	2	2023-12-25T16:21:06Z	0	5	1	48.3108	1	73.140.200.92	1
EN	anonymous	R_7pRJKZQlcnqq5tc	445	-122.1857	R_7pRJKZQlcnqq5tc	100	5fc2a0d812bc59000b746ee5	2023-12-25T16:13:48Z	1	1	2023-12-25T16:21:14.857Z	3	2023-12-25T16:21:14Z	0	5	1	47.6784	3	67.160.40.203	1
EN	anonymous	R_61pMvDHKLkjzCXy	112	-86.8653	R_61pMvDHKLkjzCXy	100	5f7b8d1186b828165dae8e5f	2023-12-25T16:19:27Z	1	2	2023-12-25T16:21:19.926Z	3	2023-12-25T16:21:19Z	0	5	1	36.1093	4	76.22.192.136	1
EN	anonymous	R_6VrlDeIjYB5dGUi	87	-78.853	R_6VrlDeIjYB5dGUi	100	60ebd106ca635af4d76098cd	2023-12-25T16:20:03Z	1	2	2023-12-25T16:21:30.954Z	2	2023-12-25T16:21:30Z	0	5	1	43.0505	3	76.37.204.101	1
EN	anonymous	R_37HyBYKA64X26wu	194	-86.5776	R_37HyBYKA64X26wu	100	5f5129fd7f3efa1219f192a3	2023-12-25T16:18:33Z	1	2	2023-12-25T16:21:48.416Z	1	2023-12-25T16:21:47Z	0	5	1	39.1963	1	68.68.95.85	1
EN	anonymous	R_5i7840EyokravBL	77	-85.4273	R_5i7840EyokravBL	100	5e7908b92d882b4b6d8fa8e1	2023-12-25T16:21:52Z	2	2	2023-12-25T16:23:10.598Z	3	2023-12-25T16:23:10Z	0	4	1	40.2116	1	68.50.79.141	1
EN	anonymous	R_3NrVvFLhTsrrZ4Y	108	-79.0058	R_3NrVvFLhTsrrZ4Y	100	63ed99d5c3520191a0a7280e	2023-12-25T16:21:29Z	1	1	2023-12-25T16:23:18.790Z	3	2023-12-25T16:23:18Z	0	5	1	35.0597	1	174.110.202.238	1
EN	anonymous	R_37CAUGGeZLFRKTL	96	-78.8638	R_37CAUGGeZLFRKTL	100	65416bef0f88c6a3ede69f8c	2023-12-25T16:21:54Z	2	2	2023-12-25T16:23:30.772Z	1	2023-12-25T16:23:30Z	0	4	1	42.9554	3	172.100.32.154	1
EN	anonymous	R_1sE6DNEEhBgdmAV	128	-92.4189	R_1sE6DNEEhBgdmAV	100	657b22f7b6c0bfc170abecf9	2023-12-25T16:22:00Z	1	2	2023-12-25T16:24:10.391Z	3	2023-12-25T16:24:09Z	0	5	1	34.7857	1	108.196.6.196	1
EN	anonymous	R_7qKwktFs5xBrNdJ	120	-81.2845	R_7qKwktFs5xBrNdJ	100	57b76ea36aeef20001e8928d	2023-12-25T16:22:41Z	1	2	2023-12-25T16:24:42.655Z	1	2023-12-25T16:24:42Z	0	5	1	29.0508	1	72.188.20.107	1
EN	anonymous	R_7eOSsi0D3bV1K9v	74	-83.7017	R_7eOSsi0D3bV1K9v	100	5d93b788fdfe9d001c00c255	2023-12-25T16:23:32Z	1	1	2023-12-25T16:24:47.034Z	3	2023-12-25T16:24:46Z	0	5	1	42.2324	1	73.161.58.104	1
EN	anonymous	R_3k0acP2fX0ULS22	105	-86.5654	R_3k0acP2fX0ULS22	100	6229ee11f6b5405956544966	2023-12-25T16:23:06Z	1	1	2023-12-25T16:24:52.589Z	3	2023-12-25T16:24:52Z	0	5	1	34.7315	1	136.53.55.37	1
EN	anonymous	R_7rGdobP9fAtTdPr	112	-98.3914	R_7rGdobP9fAtTdPr	100	5d100514de34c40016972f5b	2023-12-25T16:23:40Z	1	1	2023-12-25T16:25:32.998Z	3	2023-12-25T16:25:32Z	0	5	1	40.5899	1	50.96.8.176	1
EN	anonymous	R_3rpl6wyo8N8w72P	130	-86.7014	R_3rpl6wyo8N8w72P	100	60fcef8b8d8f7e5610b219eb	2023-12-25T16:23:37Z	1	2	2023-12-25T16:25:48.658Z	1	2023-12-25T16:25:48Z	0	5	1	33.6454	1	174.218.58.91	1
EN	anonymous	R_5WZrazBf7jFeoDD	389	-82.3606	R_5WZrazBf7jFeoDD	100	60bae671bf92bf34f7a774ce	2023-12-25T16:19:22Z	1	2	2023-12-25T16:25:52.486Z	3	2023-12-25T16:25:52Z	0	5	1	29.6825	1	24.170.192.99	1
EN	anonymous	R_18RJfnQ81Jz5Z0A	367	-88.9922	R_18RJfnQ81Jz5Z0A	100	5f330bfd7109cd0e649566b6	2023-12-25T16:19:53Z	1	2	2023-12-25T16:26:01.114Z	3	2023-12-25T16:26:00Z	0	5	1	40.4798	1	50.103.124.205	1
EN	anonymous	R_6tzFHL6lV8R4law	155	-90.6353	R_6tzFHL6lV8R4law	100	5c5f8a910edbd90001e1feda	2023-12-25T16:23:45Z	3	2	2023-12-25T16:26:21.425Z	3	2023-12-25T16:26:20Z	0	5	1	38.5159	1	172.12.237.242	1
EN	anonymous	R_1qrpAeS3iWpD1GV	137	-122.6417	R_1qrpAeS3iWpD1GV	100	5e838558ba24c80cb2be35bd	2023-12-25T16:24:16Z	2	2	2023-12-25T16:26:35.044Z	3	2023-12-25T16:26:34Z	0	5	1	45.5472	4	71.36.120.243	1
EN	anonymous	R_11vs1nxsf5z09Qn	228	-93.3366	R_11vs1nxsf5z09Qn	100	5d6c1075a9d20a0001de4f80	2023-12-25T16:22:52Z	1	2	2023-12-25T16:26:42.131Z	3	2023-12-25T16:26:41Z	0	5	1	44.9509	2	174.229.181.250	1
EN	anonymous	R_3ZwC2MepcRMJewh	322	-87.7032	R_3ZwC2MepcRMJewh	100	5f674f8b8dbc2b0416c59902	2023-12-25T16:22:14Z	2	4	2023-12-25T16:27:36.871Z	2	2023-12-25T16:27:36Z	0	4	1	41.9211	4	172.59.187.220	1
EN	anonymous	R_3kF9nKucnwsYp2u	485	-96.729	R_3kF9nKucnwsYp2u	100	5efe85d36b4d873908aff881	2023-12-25T16:21:17Z	1	2	2023-12-25T16:29:23.536Z	1	2023-12-25T16:29:23Z	0	5	1	33.0225	1	97.99.233.63	1
EN	anonymous	R_13d7Yd7fwW35n3f	237	-105.0546	R_13d7Yd7fwW35n3f	100	6588baaf0eab6cd8b36dc91a	2023-12-25T16:27:23Z	1	2	2023-12-25T16:31:21.962Z	1	2023-12-25T16:31:21Z	0	5	1	40.5377	4	73.14.97.72	1
EN	anonymous	R_1n8RgyIwFE54mZW	578	-96.9993	R_1n8RgyIwFE54mZW	100	5f852dee17ab6c2136ac62e4	2023-12-25T16:23:45Z	2	2	2023-12-25T16:33:25.406Z	3	2023-12-25T16:33:24Z	0	5	1	32.7117	1	97.99.173.206	1
EN	anonymous	R_7d5gaBKjaUC3t5N	186	-95.4256	R_7d5gaBKjaUC3t5N	100	656b3c922335be29f747d99c	2023-12-25T17:00:44Z	1	2	2023-12-25T17:03:51.655Z	1	2023-12-25T17:03:50Z	0	3	1	29.8203	1	45.21.13.219	3
EN	anonymous	R_5GW7Z7fLLlToo1R	2467	-97.7271	R_5GW7Z7fLLlToo1R	100	55d0945934e9060005e57258	2023-12-25T16:24:19Z	1	2	2023-12-25T17:05:27.363Z	3	2023-12-25T17:05:26Z	0	5	1	30.3075	1	136.62.63.131	1
EN	anonymous	R_1P13jqA8wfcVuVz	117		R_1P13jqA8wfcVuVz	63	600b3c619b60d80b64f9de39	2023-12-18T21:35:35Z		1	2023-12-25T21:37:39.746Z	2	2023-12-18T21:37:33Z	0		0		1	73.66.207.229	1
EN	anonymous	R_5EMXXq0oXp2F0BV	107		R_5EMXXq0oXp2F0BV	63	5b197b8088ee7400012ae154	2023-12-18T21:44:37Z		2	2023-12-25T21:46:25.922Z	3	2023-12-18T21:46:24Z	0		0		1	68.74.181.234	2
EN	anonymous	R_32qTgP2zf0fXdFk	130		R_32qTgP2zf0fXdFk	63	651ad6fdb3f4e34ceffd3c91	2023-12-25T16:24:33Z		1	2024-01-01T16:26:45.321Z	2	2023-12-25T16:26:43Z	0		0		2	97.101.48.34	1
EN	anonymous	R_6hsTX68s8ShXROX	131	-75.1814	R_6hsTX68s8ShXROX	100	658af6571af5827033c858e2	2024-01-16T21:18:07Z	1	2	2024-01-16T21:20:19.359Z	3	2024-01-16T21:20:18Z	0	5	1	39.952	1	130.91.58.175	1
EN	anonymous	R_7KwPgRAPwsBEp79	130	-120.3267	R_7KwPgRAPwsBEp79	100	5c800507a1d4b900114f28c4	2024-01-16T21:22:57Z	1	1	2024-01-16T21:25:08.279Z	3	2024-01-16T21:25:07Z	0	5	1	37.9998	1	73.41.209.230	1
EN	anonymous	R_3F5qEEsftfmIosU	454	-71.7553	R_3F5qEEsftfmIosU	100	6562ea216e267d7a7ead52e3	2024-01-16T21:17:36Z	1	2	2024-01-16T21:25:12.030Z	1	2024-01-16T21:25:11Z	0	5	1	42.5301	1	108.20.214.73	1
EN	anonymous	R_68zy5A87SHtbv5Y	122	-157.9703	R_68zy5A87SHtbv5Y	100	6434bf1673e6e1439a0220cc	2024-01-16T21:36:05Z	1	2	2024-01-16T21:38:08.760Z	3	2024-01-16T21:38:08Z	0	5	1	21.408	1	76.39.49.128	1
EN	anonymous	R_61cmaDL3oCXI6nP	148	-81.5498	R_61cmaDL3oCXI6nP	100	6334f074d8c62dca5081e66c	2024-01-16T21:44:57Z	1	2	2024-01-16T21:47:26.581Z	2	2024-01-16T21:47:25Z	0	5	1	30.0822	1	108.216.6.119	3
EN	anonymous	R_1UKaq0LshV4R2w1	118	-87.8964	R_1UKaq0LshV4R2w1	100	610c8dcba54f40dae1c50278	2024-01-16T21:45:58Z	3	3	2024-01-16T21:47:58.201Z	4	2024-01-16T21:47:57Z	0	3	1	43.0475	2	108.250.211.51	1
EN	anonymous	R_5xPUCq6bNOTa3jX	212	-120.3267	R_5xPUCq6bNOTa3jX	100	606cba49bb285f26a3afee25	2024-01-16T21:44:48Z	1	2	2024-01-16T21:48:21.130Z	2	2024-01-16T21:48:20Z	0	4	1	37.9998	1	73.41.209.230	1
EN	anonymous	R_3GDkDUIJtXZ8isD	137	-92.3934	R_3GDkDUIJtXZ8isD	100	6150b0f1ea43af10285ea4b9	2024-01-16T21:46:13Z	1	2	2024-01-16T21:48:30.928Z	3	2024-01-16T21:48:30Z	0	5	1	44.009	1	96.42.64.171	1
EN	anonymous	R_5pcRv1YfLbX0jvz	291	-82.7324	R_5pcRv1YfLbX0jvz	100	571c944ee1d2ec0012a68677	2024-01-16T21:45:06Z	1	2	2024-01-16T21:49:58.816Z	3	2024-01-16T21:49:58Z	0	5	1	28.232	1	47.197.173.164	1
EN	anonymous	R_6336QRLVktIO1KV	116	-121.798	R_6336QRLVktIO1KV	100	5eadd264593baa0df31702d5	2024-01-16T21:50:15Z	2	3	2024-01-16T21:52:12.773Z	2	2024-01-16T21:52:12Z	0	4	1	37.3372	4	24.23.186.233	1
EN	anonymous	R_5gFOyKjh2McuI69	347	-84.8983	R_5gFOyKjh2McuI69	100	63ff70394f575c66d6c1c9a3	2024-01-16T21:47:42Z	1	2	2024-01-16T21:53:29.754Z	3	2024-01-16T21:53:29Z	0	3	1	39.8335	1	68.45.114.83	1
EN	anonymous	R_3dZdFmHW49fmclZ	60	-89.0843	R_3dZdFmHW49fmclZ	100	600a42147d9d4e1ac5f088f4	2024-01-16T21:52:30Z	1	2	2024-01-16T21:53:32.047Z	3	2024-01-16T21:53:31Z	0	5	1	42.5649	1	71.87.137.82	1
EN	anonymous	R_7Hv2nVuEux3aCP5	149	-83.3146	R_7Hv2nVuEux3aCP5	100	5cbc97cd214b1a0001ccfa53	2024-01-16T21:51:18Z	1	2	2024-01-16T21:53:48.130Z	3	2024-01-16T21:53:47Z	0	5	1	42.294	2	98.209.40.112	1
EN	anonymous	R_7k4VH2te8wNZSXT	111	-81.485	R_7k4VH2te8wNZSXT	100	5fdb6ef5b34a6f6b2634b566	2024-01-16T21:52:08Z	1	2	2024-01-16T21:54:00.634Z	3	2024-01-16T21:54:00Z	0	5	1	28.5815	1	68.202.92.39	1
EN	anonymous	R_54x92uyYzRr87jX	233	-84.4455	R_54x92uyYzRr87jX	100	6579f041c41219b56eaadd23	2024-01-16T21:50:09Z	1	1	2024-01-16T21:54:03.234Z	2	2024-01-16T21:54:02Z	0	5	1	33.7838	1	24.125.52.34	3
EN	anonymous	R_59makZwcjbHVpbH	187	-121.0008	R_59makZwcjbHVpbH	100	62c3992bda6cb92e0a6aad95	2024-01-16T21:51:23Z	1	1	2024-01-16T21:54:30.755Z	3	2024-01-16T21:54:30Z	0	5	1	37.7962	1	97.86.135.26	1
EN	anonymous	R_1QDCt4g5NVHlmRU	181	-83.2735	R_1QDCt4g5NVHlmRU	100	65996056722aa5642a2c4600	2024-01-16T21:51:59Z	1	2	2024-01-16T21:55:01.486Z	3	2024-01-16T21:55:00Z	0	5	1	42.776	1	68.42.111.68	2
EN	anonymous	R_6hAWeWYvQH7qzXd	160	-121.4053	R_6hAWeWYvQH7qzXd	100	5d89c4dd68f9d60001a21500	2024-01-16T21:52:43Z	1	2	2024-01-16T21:55:24.126Z	3	2024-01-16T21:55:23Z	0	5	1	38.5879	1	73.116.82.65	1
EN	anonymous	R_53gkNvsNDleHZi9	315	-85.8417	R_53gkNvsNDleHZi9	100	6019917a6e5c280d8a89264d	2024-01-16T21:51:02Z	1	2	2024-01-16T21:56:18.799Z	3	2024-01-16T21:56:18Z	0	5	1	33.6528	1	184.155.161.224	1
EN	anonymous	R_5CBPYcgrEKIgsB3	114	-84.3578	R_5CBPYcgrEKIgsB3	100	650beb3afdc0195ec4ffda89	2024-01-16T21:56:17Z	1	2	2024-01-16T21:58:13.355Z	3	2024-01-16T21:58:12Z	0	5	1	41.2779	4	75.187.127.104	1
EN	anonymous	R_7ZJsymGIGECdNPS	307	-80.1423	R_7ZJsymGIGECdNPS	100	5e4915503f7dd939f72a73f8	2024-01-16T21:53:13Z	1	2	2024-01-16T21:58:21.276Z	1	2024-01-16T21:58:20Z	0	5	1	26.5331	1	164.68.148.49	1
EN	anonymous	R_34NxsCsLI9FXbjE	100	-121.962	R_34NxsCsLI9FXbjE	100	5fecf6e660d5fba3b127a9c4	2024-01-16T21:57:03Z	1	1	2024-01-16T21:58:45.114Z	4	2024-01-16T21:58:44Z	0	5	1	37.3931	1	73.231.117.58	1
EN	anonymous	R_58CnTXZ5KsUqiIE	24	-73.4483	R_58CnTXZ5KsUqiIE	100	655fb4b0e8fa618206e990f5	2024-01-16T21:58:36Z	3	2	2024-01-16T21:59:02.080Z	1	2024-01-16T21:59:01Z	0	3	1	41.3908	2	24.34.221.183	2
EN	anonymous	R_7YM9lRvJp6PyYv8	184	-118.2863	R_7YM9lRvJp6PyYv8	100	60ff0fc89dd6346ad1246ef7	2024-01-16T21:55:59Z	1	2	2024-01-16T21:59:04.078Z	4	2024-01-16T21:59:03Z	0	5	1	33.9555	1	172.58.209.154	1
EN	anonymous	R_3X4IG1GxBxd6Zpv	81	-76.866	R_3X4IG1GxBxd6Zpv	100	6401e70af583670c1b41c0b1	2024-01-16T21:58:04Z	1	2	2024-01-16T21:59:26.562Z	3	2024-01-16T21:59:25Z	0	5	1	39.1063	1	174.216.149.36	1
EN	anonymous	R_5FmMWPVR98z7Gxj	129	-86.7861	R_5FmMWPVR98z7Gxj	100	65a2e30529f1fc5859967544	2024-01-16T21:57:44Z	1	1	2024-01-16T21:59:54.622Z	2	2024-01-16T21:59:53Z	0	2	1	36.1671	1	166.196.86.79	1
EN	anonymous	R_1WZTAWYIytPwHIt	110	-80.8957	R_1WZTAWYIytPwHIt	100	6595a67825c5829c491c8244	2024-01-16T21:58:06Z	1	2	2024-01-16T21:59:57.493Z	4	2024-01-16T21:59:57Z	0	5	1	35.2369	4	166.199.170.49	1
EN	anonymous	R_1ut69Vc9sqDEY8N	170	-118.0268	R_1ut69Vc9sqDEY8N	100	5bf9bd81549c180001dab194	2024-01-16T21:59:29Z	1	2	2024-01-16T22:02:20.512Z	3	2024-01-16T22:02:20Z	0	5	1	33.7783	1	98.149.102.113	1
EN	anonymous	R_74ecPdIDALkE2Sw	154	-122.8475	R_74ecPdIDALkE2Sw	100	5dd8c6e24c97928688acd05d	2024-01-16T22:02:01Z	1	2	2024-01-16T22:04:36.449Z	3	2024-01-16T22:04:35Z	0	5	1	42.3394	1	75.139.200.211	1
EN	anonymous	R_5OqU30RhhlD6U1k	156	-122.6541	R_5OqU30RhhlD6U1k	100	5c28a7d31c8e4c0001b2e0a4	2024-01-16T22:02:00Z	1	2	2024-01-16T22:04:37.625Z	4	2024-01-16T22:04:37Z	0	5	1	45.6952	1	71.34.100.178	1
EN	anonymous	R_1Uiu5RD92nO0DHX	81	-78.6262	R_1Uiu5RD92nO0DHX	100	61194d67cf13024bcdf7c246	2024-01-16T22:04:08Z	1	2	2024-01-16T22:05:30.250Z	3	2024-01-16T22:05:29Z	0	5	1	35.8536	1	198.86.248.247	1
EN	anonymous	R_6D8QtkeY5H5fqxh	78	-73.9893	R_6D8QtkeY5H5fqxh	100	61095df33c1500c606e56037	2024-01-16T22:04:18Z	2	3	2024-01-16T22:05:37.100Z	2	2024-01-16T22:05:36Z	0	5	1	40.7149	4	68.173.157.124	1
EN	anonymous	R_6XgPReUeO6kPYbs	71	-84.3126	R_6XgPReUeO6kPYbs	100	572b6ced3ab9df0008b9ad52	2024-01-16T22:04:53Z	1	2	2024-01-16T22:06:05.285Z	2	2024-01-16T22:06:04Z	0	5	1	39.336	1	74.83.118.220	1
EN	anonymous	R_7GMKQxfIZIL8n2V	92	-93.3842	R_7GMKQxfIZIL8n2V	100	5acb884ae1099600016acf4b	2024-01-16T22:04:34Z	1	2	2024-01-16T22:06:08.113Z	4	2024-01-16T22:06:07Z	0	5	1	44.9534	1	66.41.50.245	1
EN	anonymous	R_1PilSfHhPwdrKQr	114	-104.7584	R_1PilSfHhPwdrKQr	100	60676ca9d89f1afc68610788	2024-01-16T22:04:31Z	1	1	2024-01-16T22:06:26.690Z	3	2024-01-16T22:06:26Z	0	5	1	40.4102	3	174.51.178.30	3
EN	anonymous	R_1pyVNSgl9QUEuVe	345	-117.027	R_1pyVNSgl9QUEuVe	100	5d30cabd5124970019cb706c	2024-01-16T22:00:52Z	1	3	2024-01-16T22:06:37.790Z	3	2024-01-16T22:06:37Z	0	4	1	32.7398	1	99.67.144.59	1
EN	anonymous	R_5P6NX8cXFXWFSk1	247	-81.6215	R_5P6NX8cXFXWFSk1	100	5da3a4311dc4400014d57008	2024-01-16T22:02:33Z	2	2	2024-01-16T22:06:41.390Z	3	2024-01-16T22:06:40Z	0	5	1	41.3154	1	12.226.150.210	1
EN	anonymous	R_3QsWFxlwdm8S2La	161	-87.7908	R_3QsWFxlwdm8S2La	100	652ee4c19af20c91c9d88a65	2024-01-16T22:04:08Z	1	1	2024-01-16T22:06:50.212Z	3	2024-01-16T22:06:49Z	0	5	1	41.8907	1	104.57.91.63	1
EN	anonymous	R_3pzcIQJZmaLZPgC	266	-80.6147	R_3pzcIQJZmaLZPgC	100	5825dc1f7fcbaa000134776e	2024-01-16T22:02:35Z	1	2	2024-01-16T22:07:02.628Z	3	2024-01-16T22:07:02Z	0	5	1	28.3327	1	97.103.161.84	1
EN	anonymous	R_7BPQ9frTD5k88Eh	110	-84.8247	R_7BPQ9frTD5k88Eh	100	5df57ac22b12bd3e33a4efba	2024-01-16T22:05:20Z	1	2	2024-01-16T22:07:12.358Z	1	2024-01-16T22:07:11Z	0	4	1	34.1825	2	24.99.133.30	1
EN	anonymous	R_1qqvdlT3mxkyRYl	295	-86.2393	R_1qqvdlT3mxkyRYl	100	5e0a2f6377f8652c6fc3f887	2024-01-16T22:02:19Z	1	2	2024-01-16T22:07:16.017Z	4	2024-01-16T22:07:15Z	0	2	1	32.69	4	35.135.129.202	1
EN	anonymous	R_5sajUp4qZTPxsVT	189	-106.6696	R_5sajUp4qZTPxsVT	100	5acba4a15cd10500016280ca	2024-01-16T22:05:15Z	1	2	2024-01-16T22:08:26.120Z	3	2024-01-16T22:08:25Z	0	5	1	35.1072	1	75.161.87.56	1
EN	anonymous	R_7qaR1qIRvxWA3Jx	223	-111.7493	R_7qaR1qIRvxWA3Jx	100	6103a6a5b1d93e18d85a6f23	2024-01-16T22:04:46Z	1	3	2024-01-16T22:08:30.404Z	3	2024-01-16T22:08:29Z	0	2	1	32.8946	1	70.176.167.30	1
EN	anonymous	R_3OIpZHFC9vk7g9n	125	-76.6673	R_3OIpZHFC9vk7g9n	100	60cac6e750602e711ed5efc6	2024-01-16T22:06:31Z	2	2	2024-01-16T22:08:36.740Z	4	2024-01-16T22:08:36Z	0	1	1	39.4949	3	71.200.61.30	1
EN	anonymous	R_7CuQyjHBupB8sh3	67	-71.1286	R_7CuQyjHBupB8sh3	100	6152271eefd3c2b4bacb64e6	2024-01-16T22:07:49Z	1	2	2024-01-16T22:08:57.613Z	3	2024-01-16T22:08:57Z	0	5	1	42.2506	1	209.6.177.143	1
EN	anonymous	R_3R3p7kMyvJzh4Gi	165	-122.9586	R_3R3p7kMyvJzh4Gi	100	62990c4098cda1cbab0226be	2024-01-16T22:06:25Z	1	1	2024-01-16T22:09:11.615Z	3	2024-01-16T22:09:11Z	0	3	1	45.4998	1	24.22.87.74	1
EN	anonymous	R_1S14WEh5dLXMHk6	159	-118.3294	R_1S14WEh5dLXMHk6	100	5eea479c14742d0ad3e11468	2024-01-16T22:06:42Z	1	2	2024-01-16T22:09:22.868Z	3	2024-01-16T22:09:22Z	0	5	1	33.9883	1	174.193.193.51	1
EN	anonymous	R_7C80bDnat2yyOzL	97	-105.0935	R_7C80bDnat2yyOzL	100	5f084fffd931c103fbd4228a	2024-01-16T22:08:01Z	1	2	2024-01-16T22:09:39.335Z	3	2024-01-16T22:09:38Z	0	5	1	40.4236	1	98.38.172.41	1
EN	anonymous	R_5g17EfT0ByHhqVj	73	-122.3701	R_5g17EfT0ByHhqVj	100	616b61ed1513f14360bd0c91	2024-01-16T22:08:26Z	1	2	2024-01-16T22:09:39.663Z	3	2024-01-16T22:09:39Z	0	5	1	47.6674	1	75.172.73.170	1
EN	anonymous	R_6LQUpivlbDB1ydH	108	-97.1609	R_6LQUpivlbDB1ydH	100	650db7fec494128b979b35f6	2024-01-16T22:08:18Z	3	2	2024-01-16T22:10:07.707Z	4	2024-01-16T22:10:07Z	0	4	1	31.5504	1	166.199.6.67	1
EN	anonymous	R_5HOxEEYqzbdzih3	90	-118.3161	R_5HOxEEYqzbdzih3	100	5da8e16357b45000179c94b2	2024-01-16T22:08:41Z	1	1	2024-01-16T22:10:11.839Z	2	2024-01-16T22:10:11Z	0	5	1	34.0757	1	76.168.149.139	1
EN	anonymous	R_1PFuGj6opp5ocrn	115	-82.3677	R_1PFuGj6opp5ocrn	100	63e56525a8fb39289dbe8f26	2024-01-16T22:08:23Z	1	2	2024-01-16T22:10:19.582Z	2	2024-01-16T22:10:19Z	0	5	1	28.1138	1	35.142.2.112	1
EN	anonymous	R_1gbvwMZMdTY6uEn	93	-76.46	R_1gbvwMZMdTY6uEn	100	61083b3ab7174cae085432b0	2024-01-16T22:08:45Z	3	1	2024-01-16T22:10:19.703Z	3	2024-01-16T22:10:19Z	0	1	1	37.0578	1	68.131.101.90	1
EN	anonymous	R_33vmBeohzI5CQQV	304	-85.369	R_33vmBeohzI5CQQV	100	5bb956946322c5000159dd42	2024-01-16T22:05:17Z	2	2	2024-01-16T22:10:22.462Z	3	2024-01-16T22:10:22Z	0	4	1	31.1498	1	97.112.200.97	1
EN	anonymous	R_1ItqyrdVR26DAXF	229	-106.538	R_1ItqyrdVR26DAXF	100	5fee0c90eb52700cd9752702	2024-01-16T22:06:40Z	2	2	2024-01-16T22:10:30.992Z	3	2024-01-16T22:10:30Z	0	4	1	31.8378	2	68.73.71.207	2
EN	anonymous	R_6fiqW35wRE2wFyF	31	-77.3451	R_6fiqW35wRE2wFyF	100	63d69bcc9ac7e2fd85b9ce49	2024-01-16T22:10:03Z	3	2	2024-01-16T22:10:35.361Z	3	2024-01-16T22:10:34Z	0	2	1	38.6438	1	71.178.18.119	1
EN	anonymous	R_3yVDFcLgkFFbrVL	96	-84.3871	R_3yVDFcLgkFFbrVL	100	5c5f95cf4fff5700017ecc6b	2024-01-16T22:08:59Z	1	2	2024-01-16T22:10:36.003Z	2	2024-01-16T22:10:35Z	0	5	1	33.7485	4	107.77.234.143	1
EN	anonymous	R_1k3DauThh2rOnv3	258	-88.1523	R_1k3DauThh2rOnv3	100	5efc8ca828b0ee031d8e7148	2024-01-16T22:06:30Z	1	1	2024-01-16T22:10:49.277Z	3	2024-01-16T22:10:48Z	0	5	1	30.6333	4	99.146.119.248	1
EN	anonymous	R_5do3o7La6cMGlKw	150	-117.8522	R_5do3o7La6cMGlKw	100	6301c3ad615e5e0f5f371624	2024-01-16T22:08:24Z	1	1	2024-01-16T22:10:54.885Z	3	2024-01-16T22:10:54Z	0	5	1	33.8144	1	107.204.220.255	1
EN	anonymous	R_73EdBEYcH1aD3pl	84	-76.6622	R_73EdBEYcH1aD3pl	100	60565fb9a15389f3dbf71a18	2024-01-16T22:09:36Z	2	3	2024-01-16T22:11:00.587Z	2	2024-01-16T22:11:00Z	0	5	1	39.4447	3	69.250.30.182	1
EN	anonymous	R_1lukh35AgVnTAjP	87	-73.548	R_1lukh35AgVnTAjP	100	605ff0746397c26c436b88af	2024-01-16T22:09:52Z	1	2	2024-01-16T22:11:21.233Z	3	2024-01-16T22:11:20Z	0	5	1	41.0641	1	24.45.234.108	1
EN	anonymous	R_6Gyw4jQu0aDeFJe	86	-94.8223	R_6Gyw4jQu0aDeFJe	100	5f3dc15f3f4f6a1e4390d10a	2024-01-16T22:10:03Z	1	2	2024-01-16T22:11:30.746Z	1	2024-01-16T22:11:30Z	0	5	1	38.8868	1	73.67.47.253	1
EN	anonymous	R_59iVmbhoug74sq6	139	-71.0712	R_59iVmbhoug74sq6	100	6112e667b3361fc937de0e3a	2024-01-16T22:09:12Z	1	2	2024-01-16T22:11:32.815Z	3	2024-01-16T22:11:32Z	0	5	1	42.2904	1	108.1.153.63	1
EN	anonymous	R_3JBrvcoWm4ejRPb	176	-88.2365	R_3JBrvcoWm4ejRPb	100	65a20d6ea02593ebd6965005	2024-01-16T22:09:02Z	1	2	2024-01-16T22:11:59.517Z	1	2024-01-16T22:11:59Z	0	5	1	40.112	1	153.33.89.84	1
EN	anonymous	R_1oaOWmtpMX4zz34	174	-87.7531	R_1oaOWmtpMX4zz34	100	656386041faf6ea76e9ad688	2024-01-16T22:09:20Z	1	3	2024-01-16T22:12:15.075Z	3	2024-01-16T22:12:14Z	0	5	1	41.923	1	172.58.165.200	1
EN	anonymous	R_1GH0qT9rXwTd5N6	99	-87.8107	R_1GH0qT9rXwTd5N6	100	607295300f59b34c26ccac31	2024-01-16T22:10:39Z	1	2	2024-01-16T22:12:18.861Z	4	2024-01-16T22:12:18Z	0	5	1	42.0307	1	24.1.168.192	1
EN	anonymous	R_5tRzku05BpQ4HkZ	188	-87.3113	R_5tRzku05BpQ4HkZ	100	5cc482bd8d2a1e001885c450	2024-01-16T22:09:10Z	1	2	2024-01-16T22:12:19.174Z	3	2024-01-16T22:12:18Z	0	5	1	30.3714	1	99.114.217.222	1
EN	anonymous	R_5oAOv52ptZ1fFec	99	-111.8094	R_5oAOv52ptZ1fFec	100	6101f5b6d974129cfabde828	2024-01-16T22:11:03Z	2	1	2024-01-16T22:12:43.172Z	4	2024-01-16T22:12:42Z	0	3	1	40.7037	3	73.20.27.34	1
EN	anonymous	R_1YQdDATLdYZvqJj	86	-73.9901	R_1YQdDATLdYZvqJj	100	6532e4eabd550ed1ddcd3d21	2024-01-16T22:11:23Z	1	2	2024-01-16T22:12:50.510Z	3	2024-01-16T22:12:50Z	0	5	1	40.694	1	24.90.110.75	1
EN	anonymous	R_6mCpK5vqBKRhkJZ	207	-79.8685	R_6mCpK5vqBKRhkJZ	100	5f2eebd9d21e322a9ed68f09	2024-01-16T22:09:23Z	3	2	2024-01-16T22:12:50.781Z	3	2024-01-16T22:12:50Z	0	3	1	36.6883	1	73.148.53.254	1
EN	anonymous	R_3f2hmovg0evFYYW	183	-82.9987	R_3f2hmovg0evFYYW	100	64f1f0c1506cb2683a894ac1	2024-01-16T22:10:18Z	1	2	2024-01-16T22:13:23.076Z	2	2024-01-16T22:13:22Z	0	5	1	39.9587	1	166.216.159.204	1
EN	anonymous	R_3DanW2JXXf0YKhH	166	-73.981	R_3DanW2JXXf0YKhH	100	5e70636370147a63fecbdea3	2024-01-16T22:10:47Z	3	2	2024-01-16T22:13:34.575Z	3	2024-01-16T22:13:34Z	0	2	1	40.6221	1	69.114.211.211	4
EN	anonymous	R_5wFDi85oRMvaDN7	96	-79.9247	R_5wFDi85oRMvaDN7	100	6535d3f1b4ff80adff474548	2024-01-16T22:12:31Z	1	2	2024-01-16T22:14:08.447Z	3	2024-01-16T22:14:07Z	0	5	1	40.4324	1	71.182.132.210	1
EN	anonymous	R_35KktWnu3yLPZmn	168	-116.9783	R_35KktWnu3yLPZmn	100	5dd365bdaf16d337333e212e	2024-01-16T22:11:28Z	1	2	2024-01-16T22:14:17.252Z	3	2024-01-16T22:14:16Z	0	5	1	44.0416	1	24.117.11.180	1
EN	anonymous	R_7g4gAw8aw54GnAt	113	-87.0036	R_7g4gAw8aw54GnAt	100	60fed37f8321c18534a69e5f	2024-01-16T22:12:23Z	1	2	2024-01-16T22:14:17.455Z	1	2024-01-16T22:14:17Z	0	5	1	34.5485	1	71.91.86.123	1
EN	anonymous	R_508AYrk9AsPu868	136	-112.1706	R_508AYrk9AsPu868	100	5de30ab87292b632fe85729d	2024-01-16T22:12:10Z	1	2	2024-01-16T22:14:27.388Z	4	2024-01-16T22:14:26Z	0	5	1	33.6563	1	184.190.186.157	1
EN	anonymous	R_5P0jTeynhXcWmDt	147	-71.4758	R_5P0jTeynhXcWmDt	100	600e13b23c75bc67ab184745	2024-01-16T22:12:17Z	1	1	2024-01-16T22:14:45.608Z	2	2024-01-16T22:14:45Z	0	5	1	41.7689	2	68.14.122.150	1
EN	anonymous	R_6JDBcvpcVNdIQ4O	157	-96.9068	R_6JDBcvpcVNdIQ4O	100	5f4693dd5a01ee01193a58e0	2024-01-16T22:12:12Z	1	3	2024-01-16T22:14:50.785Z	1	2024-01-16T22:14:50Z	0	5	1	32.7368	1	172.58.180.134	1
EN	anonymous	R_5cbIdt5JBMmfsYY	139	-86.7861	R_5cbIdt5JBMmfsYY	100	62b055b8af4eda974466ad0d	2024-01-16T22:12:39Z	2	2	2024-01-16T22:14:59.421Z	3	2024-01-16T22:14:58Z	0	4	1	36.1671	1	174.238.161.250	1
EN	anonymous	R_1ygcqe2EcbAGHdf	140	-79.5763	R_1ygcqe2EcbAGHdf	100	57fa0f52a1100100016d1aa7	2024-01-16T22:12:45Z	3	2	2024-01-16T22:15:07.261Z	3	2024-01-16T22:15:06Z	0	4	1	40.4105	1	174.203.133.137	1
EN	anonymous	R_3jsJWNVv0jb8B1v	136	-121.5764	R_3jsJWNVv0jb8B1v	100	5bf0c68c5fc1db0001306ab0	2024-01-16T22:12:55Z	1	2	2024-01-16T22:15:12.210Z	3	2024-01-16T22:15:11Z	0	5	1	43.8431	4	75.100.242.206	1
EN	anonymous	R_1n6ZorBcDteKbfz	100	-121.3349	R_1n6ZorBcDteKbfz	100	60c6cfd78b8cdb0f66a196fa	2024-01-16T22:13:45Z	1	2	2024-01-16T22:15:25.938Z	3	2024-01-16T22:15:25Z	0	5	1	38.768	1	67.58.225.51	1
EN	anonymous	R_6yelpVbuFDgE1O8	150	-76.5215	R_6yelpVbuFDgE1O8	100	57a93244dcff7d0001c7d86f	2024-01-16T22:12:55Z	1	2	2024-01-16T22:15:26.544Z	2	2024-01-16T22:15:26Z	0	5	1	41.984	2	208.105.105.246	2
EN	anonymous	R_6qxZyvs0Ly5YWjw	57	-73.9067	R_6qxZyvs0Ly5YWjw	100	5be4af2d8306570001933076	2024-01-16T22:14:31Z	1	2	2024-01-16T22:15:30.222Z	3	2024-01-16T22:15:29Z	0	5	1	40.8312	1	172.56.167.72	1
EN	anonymous	R_1hts6VP7VacNZ7I	311	-98.5313	R_1hts6VP7VacNZ7I	100	5e6cd7d5e1924c2888545bbb	2024-01-16T22:10:18Z	1	2	2024-01-16T22:15:31.154Z	3	2024-01-16T22:15:30Z	0	5	1	29.4213	1	172.56.92.54	1
EN	anonymous	R_3S1u5ELxIgXXQ5Y	106	-76.5131	R_3S1u5ELxIgXXQ5Y	100	622a09d714a95e25444384f9	2024-01-16T22:13:56Z	3	2	2024-01-16T22:15:43.814Z	3	2024-01-16T22:15:43Z	0	4	1	40.1094	1	73.187.127.228	1
EN	anonymous	R_1jZ75jmC1P8rA5P	75	-74.416	R_1jZ75jmC1P8rA5P	100	5ca24b9ceb041e00152164f0	2024-01-16T22:15:02Z	1	2	2024-01-16T22:16:18.071Z	2	2024-01-16T22:16:17Z	0	5	1	40.6129	2	96.242.16.76	1
EN	anonymous	R_3QtGpMsZ8MHQtW6	104	-79.8528	R_3QtGpMsZ8MHQtW6	100	5c037f464c14cf00019d379f	2024-01-16T22:14:57Z	1	2	2024-01-16T22:16:41.945Z	3	2024-01-16T22:16:41Z	0	5	1	32.9668	1	170.52.181.106	1
EN	anonymous	R_6NDgOovmVkH9rgT	129	-73.9344	R_6NDgOovmVkH9rgT	100	5e59d06dba01301e73cba7d6	2024-01-16T22:14:41Z	1	2	2024-01-16T22:16:51.842Z	3	2024-01-16T22:16:51Z	0	5	1	40.6469	1	65.246.72.83	1
EN	anonymous	R_3bQuqyGzaC3cviK	200	-122.2994	R_3bQuqyGzaC3cviK	100	650af30ca3f6044658992edd	2024-01-16T22:13:48Z	1	1	2024-01-16T22:17:10.132Z	2	2024-01-16T22:17:09Z	0	5	1	47.6859	1	97.126.91.120	1
EN	anonymous	R_7CV1NES1cIG3sY1	98	-95.3381	R_7CV1NES1cIG3sY1	100	60d8b2566935da51a82c650d	2024-01-16T22:15:31Z	2	3	2024-01-16T22:17:10.777Z	3	2024-01-16T22:17:10Z	0	4	1	32.1118	1	47.223.40.226	1
EN	anonymous	R_3DweR05YzMBKIWS	202	-77.0271	R_3DweR05YzMBKIWS	100	640d988c383c60ed564dd05e	2024-01-16T22:14:15Z	3	1	2024-01-16T22:17:38.796Z	3	2024-01-16T22:17:38Z	0	5	1	38.9324	1	172.56.33.134	1
EN	anonymous	R_5oY3NaqlSaX9S25	93	-105.8675	R_5oY3NaqlSaX9S25	100	65007a0f1351b46827eb74bf	2024-01-16T22:16:12Z	1	2	2024-01-16T22:17:46.676Z	3	2024-01-16T22:17:46Z	0	5	1	35.622	1	73.26.146.159	1
EN	anonymous	R_774fAXdNZ4RSkLF	122	-119.8202	R_774fAXdNZ4RSkLF	100	63d811906590fb193288cf36	2024-01-16T22:16:01Z	1	1	2024-01-16T22:18:04.309Z	3	2024-01-16T22:18:03Z	0	5	1	39.4987	1	47.25.70.19	1
EN	anonymous	R_67sTV8ZTY4QonUl	121	-83.7801	R_67sTV8ZTY4QonUl	100	60ff85b88d97f7060fc30793	2024-01-16T22:16:03Z	1	2	2024-01-16T22:18:05.439Z	3	2024-01-16T22:18:05Z	0	4	1	39.9534	1	162.207.30.5	2
EN	anonymous	R_61XfSHBJcZFfsdt	115	-95.521	R_61XfSHBJcZFfsdt	100	6529fb76aab4f12eaae71324	2024-01-16T22:16:11Z	3	2	2024-01-16T22:18:07.424Z	3	2024-01-16T22:18:06Z	0	4	1	29.7376	1	172.56.50.233	1
EN	anonymous	R_1pSGlXu0xKQeT1n	139	-93.1894	R_1pSGlXu0xKQeT1n	100	615628491d10d2dda4037437	2024-01-16T22:16:00Z	2	2	2024-01-16T22:18:20.608Z	3	2024-01-16T22:18:20Z	0	4	1	45.0782	2	75.217.225.70	3
EN	anonymous	R_1Li5BgqiiIZTbk2	289	-88.2783	R_1Li5BgqiiIZTbk2	100	601c170bd8db9368fc2d996b	2024-01-16T22:13:32Z	1	2	2024-01-16T22:18:22.615Z	3	2024-01-16T22:18:22Z	0	5	1	43.014	1	173.89.5.54	1
EN	anonymous	R_5ms0p9mQVUmP1iq	154	-73.839	R_5ms0p9mQVUmP1iq	100	6582f39ccab02af18e3188aa	2024-01-16T22:15:58Z	1	1	2024-01-16T22:18:34.046Z	1	2024-01-16T22:18:33Z	0	5	1	40.66	4	72.69.189.227	1
EN	anonymous	R_7nJLHQueBrLPBId	84	-92.9587	R_7nJLHQueBrLPBId	100	5be2e7e491deed00015adcb0	2024-01-16T22:17:18Z	1	1	2024-01-16T22:18:42.936Z	3	2024-01-16T22:18:42Z	0	5	1	34.5268	1	108.206.241.195	1
EN	anonymous	R_6j3RUX672j9q5W1	156	-85.7286	R_6j3RUX672j9q5W1	100	5c049e9bad9a9700011b877b	2024-01-16T22:16:29Z	1	1	2024-01-16T22:19:06.085Z	3	2024-01-16T22:19:05Z	0	5	1	42.9733	1	107.4.36.226	1
EN	anonymous	R_3eK9rDlVb4oZWuv	96	-117.7846	R_3eK9rDlVb4oZWuv	100	659577489709a247dcfc0704	2024-01-16T22:17:36Z	2	2	2024-01-16T22:19:13.030Z	2	2024-01-16T22:19:12Z	0	5	1	33.5409	4	47.150.219.190	1
EN	anonymous	R_52WPDQcg68dul0N	109	-74.1914	R_52WPDQcg68dul0N	100	650b1963cf394af06984d0b9	2024-01-16T22:17:34Z	1	1	2024-01-16T22:19:25.042Z	3	2024-01-16T22:19:24Z	0	5	1	40.8022	1	100.1.140.117	1
EN	anonymous	R_1tMERjBUFrW4Z0J	141	-105.0546	R_1tMERjBUFrW4Z0J	100	5f4a761d2a3d075f5bf652cc	2024-01-16T22:17:23Z	1	2	2024-01-16T22:19:45.443Z	1	2024-01-16T22:19:44Z	0	5	1	40.5377	1	38.15.60.113	1
EN	anonymous	R_10PoBFkHNb2Ipy4	116	-93.2814	R_10PoBFkHNb2Ipy4	100	5a9ac3061eda410001366658	2024-01-16T22:18:01Z	1	2	2024-01-16T22:19:58.481Z	1	2024-01-16T22:19:58Z	0	5	1	44.8349	1	50.211.16.221	1
EN	anonymous	R_3Oyxd6yTulmLKXT	151	-88.3379	R_3Oyxd6yTulmLKXT	100	65956cfaf54cef1966a19456	2024-01-16T22:17:37Z	2	4	2024-01-16T22:20:10.342Z	2	2024-01-16T22:20:09Z	0	4	1	42.2309	4	209.249.216.27	4
EN	anonymous	R_5JR3oiCGXC8hkxz	50	-87.5938	R_5JR3oiCGXC8hkxz	100	5f1b4845cbf55f3192e33b89	2024-01-16T22:19:24Z	2	2	2024-01-16T22:20:15.561Z	1	2024-01-16T22:20:14Z	0	3	1	41.5092	2	73.50.83.72	1
EN	anonymous	R_5EFBuKxB3bKURBa	247	-117.0694	R_5EFBuKxB3bKURBa	100	55524d56fdf99b0152c81fef	2024-01-16T22:16:15Z	1	2	2024-01-16T22:20:24.050Z	2	2024-01-16T22:20:23Z	0	5	1	32.5799	1	72.220.105.54	1
EN	anonymous	R_5nTwJvVxSlB8CUr	72	-87.9954	R_5nTwJvVxSlB8CUr	100	5dd3205a523df033442e19da	2024-01-16T22:19:44Z	1	2	2024-01-16T22:20:57.655Z	3	2024-01-16T22:20:56Z	0	5	1	42.0048	1	50.77.190.197	1
EN	anonymous	R_3r0B8xz18s73d5q	227	-117.4592	R_3r0B8xz18s73d5q	100	6121874bf9343fff5be07860	2024-01-16T22:17:30Z	1	3	2024-01-16T22:21:18.068Z	4	2024-01-16T22:21:17Z	0	3	1	33.9249	4	172.56.179.251	1
EN	anonymous	R_5H2hgEH8GpmBubP	180	-90.0607	R_5H2hgEH8GpmBubP	100	650ba232969148996aaa66c9	2024-01-16T22:18:29Z	1	2	2024-01-16T22:21:29.952Z	2	2024-01-16T22:21:29Z	0	5	1	30.0035	2	174.203.64.28	3
EN	anonymous	R_74FBbPGX9OI6AVj	85	-87.9417	R_74FBbPGX9OI6AVj	100	65a19f3684065b3606fbaa13	2024-01-16T22:20:11Z	1	2	2024-01-16T22:21:37.575Z	2	2024-01-16T22:21:37Z	0	5	1	43.0026	1	75.196.9.151	1
EN	anonymous	R_5IKF4EJR7DfPU3L	127	-84.3871	R_5IKF4EJR7DfPU3L	100	65a6914daa5ecd97918f4554	2024-01-16T22:19:38Z	2	2	2024-01-16T22:21:46.856Z	1	2024-01-16T22:21:46Z	0	2	1	33.7485	1	174.215.144.185	1
EN	anonymous	R_5MQlh4R1oh7XlYO	222	-85.2185	R_5MQlh4R1oh7XlYO	100	6108201fc71dec6754919de5	2024-01-16T22:18:31Z	1	2	2024-01-16T22:22:13.814Z	3	2024-01-16T22:22:13Z	0	5	1	42.3465	1	73.144.187.235	1
EN	anonymous	R_5sSZRDKjVghRWg5	342	-83.4803	R_5sSZRDKjVghRWg5	100	5e6548dbb47a552c541cb053	2024-01-16T22:17:01Z	2	2	2024-01-16T22:22:44.570Z	3	2024-01-16T22:22:44Z	0	4	1	42.4269	1	174.245.21.120	1
EN	anonymous	R_11swoCoIOGHeE3Q	100	-82.5163	R_11swoCoIOGHeE3Q	100	6287748198aa98c765deff27	2024-01-16T22:21:10Z	1	1	2024-01-16T22:22:50.889Z	3	2024-01-16T22:22:50Z	0	5	1	36.524	1	24.183.198.75	1
EN	anonymous	R_7eCYF82opyKasiB	141	-75.9894	R_7eCYF82opyKasiB	100	62dea723c6db0370fd6c8229	2024-01-16T22:20:33Z	1	1	2024-01-16T22:22:55.478Z	3	2024-01-16T22:22:55Z	0	5	1	40.296	1	98.49.213.177	1
EN	anonymous	R_5KZDgbcYk3xYXIt	232	-115.0803	R_5KZDgbcYk3xYXIt	100	64d53f3f9885e325d957590d	2024-01-16T22:19:21Z	1	2	2024-01-16T22:23:15.101Z	3	2024-01-16T22:23:14Z	0	5	1	36.0586	1	70.189.158.243	1
EN	anonymous	R_5qyuFbIVIjcWSr7	141	-73.9384	R_5qyuFbIVIjcWSr7	100	650c412ad5ca2b8f21fc963b	2024-01-16T22:20:58Z	1	3	2024-01-16T22:23:20.253Z	3	2024-01-16T22:23:19Z	0	5	1	40.8136	3	71.241.151.64	1
EN	anonymous	R_7w4AWILYiy7ksaG	265	-77.1195	R_7w4AWILYiy7ksaG	100	614ece6fdaa50e12e6f3f98f	2024-01-16T22:18:58Z	1	2	2024-01-16T22:23:24.911Z	2	2024-01-16T22:23:24Z	0	5	1	39.0462	1	76.106.63.153	1
EN	anonymous	R_3CzLh3KW4SGtiSJ	105	-112.0244	R_3CzLh3KW4SGtiSJ	100	63ed3c71811f2a4a5e54bd75	2024-01-16T22:21:52Z	1	1	2024-01-16T22:23:38.081Z	3	2024-01-16T22:23:37Z	0	5	1	46.6099	1	98.127.137.72	1
EN	anonymous	R_72JP3xrgTk3diyn	104	-73.9461	R_72JP3xrgTk3diyn	100	659c08d2e6e913c0e383da68	2024-01-16T22:21:58Z	1	2	2024-01-16T22:23:43.691Z	3	2024-01-16T22:23:43Z	0	5	1	40.7009	1	24.188.176.7	1
EN	anonymous	R_5an9grfQdq7RBW1	216	-73.9078	R_5an9grfQdq7RBW1	100	5d56123417ee8d0001cd9e00	2024-01-16T22:20:09Z	1	1	2024-01-16T22:23:46.347Z	2	2024-01-16T22:23:45Z	0	5	1	41.7017	1	100.40.198.144	1
EN	anonymous	R_1YhOMIuDtHLcuH2	228	-96.0613	R_1YhOMIuDtHLcuH2	100	63656154a6e1fa594f999f7c	2024-01-16T22:19:58Z	1	2	2024-01-16T22:23:48.234Z	3	2024-01-16T22:23:47Z	0	5	1	39.1974	1	97.112.79.168	1
EN	anonymous	R_7dAc00BLC2nsSGB	117	-83.4656	R_7dAc00BLC2nsSGB	100	5ab01cc4811b2000016f919a	2024-01-16T22:22:20Z	2	2	2024-01-16T22:24:18.808Z	4	2024-01-16T22:24:18Z	0	5	1	42.3313	1	68.179.150.42	1
EN	anonymous	R_7pseThuhShgjWsL	22	-121.442	R_7pseThuhShgjWsL	100	627120b98967a5dbd4922c2e	2024-01-16T22:24:04Z	1	2	2024-01-16T22:24:27.338Z	2	2024-01-16T22:24:26Z	0	2	1	38.4272	2	67.187.148.173	3
EN	anonymous	R_3iewcOEkPsufQl4	101	-118.1965	R_3iewcOEkPsufQl4	100	655779a4e79c8918c9804c84	2024-01-16T22:22:47Z	1	1	2024-01-16T22:24:29.578Z	3	2024-01-16T22:24:29Z	0	5	1	34.024	3	107.77.230.66	3
EN	anonymous	R_3tkY5IYQQTnsBGq	89	-105.0027	R_3tkY5IYQQTnsBGq	100	6525ab9f13661dcdfda04572	2024-01-16T22:23:03Z	1	1	2024-01-16T22:24:33.674Z	1	2024-01-16T22:24:33Z	0	4	1	39.8401	2	174.51.119.181	3
EN	anonymous	R_6YR2esDDQcyrBKT	143	-71.415	R_6YR2esDDQcyrBKT	100	650858b5122636b5b2aa8a9f	2024-01-16T22:22:20Z	2	3	2024-01-16T22:24:44.589Z	2	2024-01-16T22:24:44Z	0	4	1	41.8165	4	70.172.163.125	1
EN	anonymous	R_664NkSg1N1AN48F	142	-96.6746	R_664NkSg1N1AN48F	100	65a59414270861aa7db6520c	2024-01-16T22:22:23Z	1	2	2024-01-16T22:24:46.338Z	3	2024-01-16T22:24:45Z	0	5	1	32.9569	1	47.184.173.129	1
EN	anonymous	R_11zCZUx3xFheoy9	142	-118.244	R_11zCZUx3xFheoy9	100	5f9b38a3e8bb2a1c4db0515e	2024-01-16T22:22:39Z	2	1	2024-01-16T22:25:01.970Z	1	2024-01-16T22:25:01Z	0	5	1	34.0544	1	174.251.160.56	4
EN	anonymous	R_7P4KQ7hKWI6mmEk	90	-121.9759	R_7P4KQ7hKWI6mmEk	100	56255258ed6e5a000fc7fdf9	2024-01-16T22:23:36Z	1	1	2024-01-16T22:25:07.137Z	3	2024-01-16T22:25:06Z	0	5	1	37.9545	3	172.125.80.250	1
EN	anonymous	R_7UTTuUdCXyfxDPz	117	-106.5199	R_7UTTuUdCXyfxDPz	100	6019bbb66e5c2815ba3728b6	2024-01-16T22:23:25Z	1	2	2024-01-16T22:25:23.719Z	3	2024-01-16T22:25:23Z	0	5	1	35.1369	1	67.0.51.247	1
EN	anonymous	R_63REeQZBgmwsoOB	297	-84.7083	R_63REeQZBgmwsoOB	100	63d175e97ef73a5965ffb7e4	2024-01-16T22:20:32Z	1	2	2024-01-16T22:25:29.796Z	3	2024-01-16T22:25:29Z	0	5	1	33.3944	1	108.193.132.204	3
EN	anonymous	R_1OKRkN0n4YI8HCx	310	-96.6319	R_1OKRkN0n4YI8HCx	100	65999a30a97e20e20316eb03	2024-01-16T22:20:30Z	1	2	2024-01-16T22:25:41.337Z	1	2024-01-16T22:25:40Z	0	5	1	32.8179	1	76.204.120.227	
EN	anonymous	R_7F4jMgfkDFxyycn	424	-81.5621	R_7F4jMgfkDFxyycn	100	6526c8b1f05bce048bfcf038	2024-01-16T22:18:37Z	1	2	2024-01-16T22:25:42.258Z	2	2024-01-16T22:25:41Z	0	5	1	30.2183	1	45.30.196.198	1
EN	anonymous	R_3Swyi64oQA4eGV6	188	-71.8394	R_3Swyi64oQA4eGV6	100	65a14903a1df94188d795717	2024-01-16T22:22:33Z	1	1	2024-01-16T22:25:42.939Z	3	2024-01-16T22:25:42Z	0	5	1	42.3432	1	75.130.248.150	1
EN	anonymous	R_3a9LEylNle8rN3X	80	-77.0961	R_3a9LEylNle8rN3X	100	5fb5f30ab74f4b20cdd41ec1	2024-01-16T22:24:26Z	1	2	2024-01-16T22:25:47.083Z	3	2024-01-16T22:25:46Z	0	5	1	39.0015	1	156.40.216.1	1
EN	anonymous	R_5LQgT386kWAnSKZ	123	-93.614	R_5LQgT386kWAnSKZ	100	6111a8e643a976b710621429	2024-01-16T22:23:58Z	1	1	2024-01-16T22:26:02.856Z	2	2024-01-16T22:26:02Z	0	5	1	41.814	4	207.177.126.28	1
EN	anonymous	R_6019ciMOxa9xTcS	230	-118.268	R_6019ciMOxa9xTcS	100	5b5a822e1ad8270001c4f28d	2024-01-16T22:22:24Z	1	2	2024-01-16T22:26:15.894Z	3	2024-01-16T22:26:15Z	0	4	1	33.8242	1	108.217.72.81	3
EN	anonymous	R_7Ke8FUfT9SpiEC0	151	-121.3627	R_7Ke8FUfT9SpiEC0	100	6301879b4d0e34f4e7e9aef9	2024-01-16T22:24:01Z	2	1	2024-01-16T22:26:33.866Z	4	2024-01-16T22:26:33Z	0	4	1	38.5569	1	174.193.52.8	3
EN	anonymous	R_1ouLtPqDwL8S8eX	130	-97.9435	R_1ouLtPqDwL8S8eX	100	613fb653aa6f033cb05cc587	2024-01-16T22:24:24Z	2	2	2024-01-16T22:26:34.624Z	3	2024-01-16T22:26:34Z	0	4	1	30.2152	1	70.114.243.88	1
EN	anonymous	R_3G35MTl3FbO3F8X	119	-117.7402	R_3G35MTl3FbO3F8X	100	56bae08f30d6b30005f8537a	2024-01-16T22:24:35Z	1	1	2024-01-16T22:26:35.552Z	4	2024-01-16T22:26:34Z	0	5	1	33.672	1	172.1.155.165	2
EN	anonymous	R_5QQKH9QhHGjDQyq	157	-122.4257	R_5QQKH9QhHGjDQyq	100	5f2e3b0e78e87e1a4a85501f	2024-01-16T22:23:59Z	2	1	2024-01-16T22:26:37.960Z	2	2024-01-16T22:26:37Z	0	5	1	37.6538	1	76.14.108.132	1
EN	anonymous	R_6hAJQoiQOpxkC0p	193	-85.7236	R_6hAJQoiQOpxkC0p	100	5add6b6aeb60400001536f2c	2024-01-16T22:24:59Z	1	2	2024-01-16T22:28:13.581Z	3	2024-01-16T22:28:13Z	0	5	1	38.2345	1	74.138.24.90	1
EN	anonymous	R_3CU7Sj9iI6fhWca	209	-92.0909	R_3CU7Sj9iI6fhWca	100	58295846e41098000132a1f9	2024-01-16T22:24:59Z	3	3	2024-01-16T22:28:28.631Z	1	2024-01-16T22:28:28Z	0	5	1	37.981	3	174.130.219.125	1
EN	anonymous	R_1EFQCeORTHodFAB	380	-74.1355	R_1EFQCeORTHodFAB	100	657b63bd8b304f325507e327	2024-01-16T22:22:53Z	2	2	2024-01-16T22:29:14.338Z	3	2024-01-16T22:29:13Z	0	5	1	40.0678	4	73.178.106.72	1
EN	anonymous	R_1h9KLWwDvm5ci6R	572	-77.9402	R_1h9KLWwDvm5ci6R	100	5d54d5d907e8740018e56545	2024-01-16T22:20:32Z	1	2	2024-01-16T22:30:05.189Z	3	2024-01-16T22:30:04Z	0	4	1	34.5446	1	174.106.136.30	1
EN	anonymous	R_7lbdMa1VnkHgNXo	182	-122.7659	R_7lbdMa1VnkHgNXo	100	644149a38a0d3ec2b79996e6	2024-01-16T22:27:06Z	1	1	2024-01-16T22:30:10.294Z	3	2024-01-16T22:30:09Z	0	5	1	44.9929	1	50.53.217.208	1
EN	anonymous	R_77jWHvwTN04jPyh	357	-118.2441	R_77jWHvwTN04jPyh	100	65675949c11b54bb71f6c6b5	2024-01-16T22:25:12Z	1	2	2024-01-16T22:31:10.207Z	2	2024-01-16T22:31:09Z	0	5	1	34.0544	1	98.97.61.181	1
EN	anonymous	R_11HEVmrxDemHZwR	1321	-84.2634	R_11HEVmrxDemHZwR	100	64488a23553ba5078eb6cb9e	2024-01-16T22:11:29Z	1	2	2024-01-16T22:33:32.099Z	1	2024-01-16T22:33:31Z	0	5	1	39.632	1	184.57.245.200	1
EN	anonymous	R_7z6rv3yZvfd7MMF	470	-86.3384	R_7z6rv3yZvfd7MMF	100	5b70ed4b99982e000145eb7b	2024-01-16T22:27:51Z	1	4	2024-01-16T22:35:43.049Z	3	2024-01-16T22:35:42Z	0	5	1	33.5879	2	184.156.47.44	2
EN	anonymous	R_7q4qqG3TPfzfE1g	98	-94.8342	R_7q4qqG3TPfzfE1g	100	633af05da0499598ca6a9834	2024-01-16T22:35:40Z	1	2	2024-01-16T22:37:19.552Z	3	2024-01-16T22:37:19Z	0	5	1	29.2793	2	76.30.64.51	1
