{"assigned": {"Affirmative-Action-Essays-end.html": 0, "aa_opeds_sample/txt/1774364135.xml.txt": ["5dafe439670a30001634eaa0", "63d13b76dd46542b4a1406c9"], "aa_opeds_sample/txt/1011079659.xml.txt": ["5dafe439670a30001634eaa0", "5eee84b62f2451148cb708b2"], "aa_opeds_sample/txt/432876223.xml.txt": ["5dafe439670a30001634eaa0", "5eee84b62f2451148cb708b2"], "aa_opeds_sample/txt/398788879.xml.txt": ["5dafe439670a30001634eaa0", "63d13b76dd46542b4a1406c9"], "aa_opeds_sample/txt/1023015447.xml.txt": ["5dafe439670a30001634eaa0", "5eee84b62f2451148cb708b2"], "aa_opeds_sample/txt/408345293.xml.txt": ["5dafe439670a30001634eaa0", "63d13b76dd46542b4a1406c9"], "aa_opeds_sample/txt/423943644.xml.txt": ["5dafe439670a30001634eaa0", "63d13b76dd46542b4a1406c9"], "aa_opeds_sample/txt/422316037.xml.txt": ["5dafe439670a30001634eaa0", "63d13b76dd46542b4a1406c9"], "aa_opeds_sample/txt/408580425.xml.txt": ["5dafe439670a30001634eaa0", "5eee84b62f2451148cb708b2"], "aa_opeds_sample/txt/420158599.xml.txt": ["5dafe439670a30001634eaa0", "63d13b76dd46542b4a1406c9"], "test_question_testing_1": ["5dafe439670a30001634eaa0", "5eee84b62f2451148cb708b2", "63d13b76dd46542b4a1406c9"], "aa_opeds_sample/txt/409718670.xml.txt": ["63daabbd0ca8de9fc5709d1d", "5eee84b62f2451148cb708b2"], "aa_opeds_sample/txt/421609713.xml.txt": ["63daabbd0ca8de9fc5709d1d", "5eee84b62f2451148cb708b2"], "aa_opeds_sample/txt/420733639.xml.txt": ["63daabbd0ca8de9fc5709d1d", "5eee84b62f2451148cb708b2"], "aa_opeds_sample/txt/2417314051.xml.txt": ["63daabbd0ca8de9fc5709d1d", "5eee84b62f2451148cb708b2"], "aa_opeds_sample/txt/409060590.xml.txt": ["63daabbd0ca8de9fc5709d1d", "5eee84b62f2451148cb708b2"], "aa_opeds_sample/txt/2832640273.xml.txt": ["63daabbd0ca8de9fc5709d1d", "63d13b76dd46542b4a1406c9"], "aa_opeds_sample/txt/419989695.xml.txt": ["63daabbd0ca8de9fc5709d1d", "63d13b76dd46542b4a1406c9"], "aa_opeds_sample/txt/2700218837.xml.txt": ["63daabbd0ca8de9fc5709d1d", "63d13b76dd46542b4a1406c9"], "aa_opeds_sample/txt/2831679997.xml.txt": ["63daabbd0ca8de9fc5709d1d", "5eee84b62f2451148cb708b2"], "aa_opeds_sample/txt/2154417607.xml.txt": ["63daabbd0ca8de9fc5709d1d", "63d13b76dd46542b4a1406c9"], "test_question_testing_3": ["63daabbd0ca8de9fc5709d1d"]}, "unassigned": {}, "testing": {"test_question_per_annotator": 1, "ids": ["test_question_testing_1", "test_question_testing_2", "test_question_testing_3"]}, "prestudy_ids": [], "prestudy_passed_users": [], "prestudy_failed_users": [], "pre_annotation_pages": [], "post_annotation_pages": ["Affirmative-Action-Essays-end.html"]}