{"aa_opeds_sample/txt/1034256694.xml.txt": {"id": "aa_opeds_sample/txt/1034256694.xml.txt", "text": "<div><p>Base college admissions on merit. Period.</p><p style='font-size:12pt;font-weight:400;'>Regarding the Obama administration's position urging the Supreme Court to continue allowing universities \"to take race into account\" in admissions [\"Justices to hear affirmative- action admissions case,\" news story, Aug. 14]:</p><p style='font-size:12pt;font-weight:400;'>The high court should not be misled by euphemism and obfuscation. Promoting \"diversity\" by \"taking race into account,\" even as only \"one factor in a holistic review\" of each application, has the purpose and effect of admitting some students and rejecting others because of their race or ethnicity.</p><p style='font-size:12pt;font-weight:400;'>This euphemism and obfuscation are necessary because substantial majorities of Americans still believe that treating all individuals without regard to race, creed or color is a fundamental American principle. It is so fundamental, in fact, that the administration brief itself argues that \"diversity\" is \"of critical importance to the United States\" because \"careers in a range of fields that are vital to the national interest . . . must be open to all segments of American society, regardless of race and ethnicity.\"</p><p style='font-size:12pt;font-weight:400;'>In other words, the administration urges the court to allow discrimination in favor of some individuals and against others based on their race and ethnicity to ensure that important careers are open to all \"regardless of race and ethnicity.\"</p><p style='font-size:12pt;font-weight:400;'>That's the <span style=\"background-color:yellow;\">affirmative action</span> equivalent of destroying the village in order to save it.</p><p style='font-size:12pt;font-weight:400;'>John S. Rosenberg, Crozet, Va.</p></div>", "displayed_text": "<div><p>Base college admissions on merit. Period.</p><p style='font-size:12pt;font-weight:400;'>Regarding the Obama administration's position urging the Supreme Court to continue allowing universities \"to take race into account\" in admissions [\"Justices to hear affirmative- action admissions case,\" news story, Aug. 14]:</p><p style='font-size:12pt;font-weight:400;'>The high court should not be misled by euphemism and obfuscation. Promoting \"diversity\" by \"taking race into account,\" even as only \"one factor in a holistic review\" of each application, has the purpose and effect of admitting some students and rejecting others because of their race or ethnicity.</p><p style='font-size:12pt;font-weight:400;'>This euphemism and obfuscation are necessary because substantial majorities of Americans still believe that treating all individuals without regard to race, creed or color is a fundamental American principle. It is so fundamental, in fact, that the administration brief itself argues that \"diversity\" is \"of critical importance to the United States\" because \"careers in a range of fields that are vital to the national interest . . . must be open to all segments of American society, regardless of race and ethnicity.\"</p><p style='font-size:12pt;font-weight:400;'>In other words, the administration urges the court to allow discrimination in favor of some individuals and against others based on their race and ethnicity to ensure that important careers are open to all \"regardless of race and ethnicity.\"</p><p style='font-size:12pt;font-weight:400;'>That's the <span style=\"background-color:yellow;\">affirmative action</span> equivalent of destroying the village in order to save it.</p><p style='font-size:12pt;font-weight:400;'>John S. Rosenberg, Crozet, Va.</p></div>"}, "aa_opeds_sample/txt/1823531226.xml.txt": {"id": "aa_opeds_sample/txt/1823531226.xml.txt", "text": "<div><p>Marylanders who need medical marijuana don't care where it is grown (Posted 2016-09-16 22:31:48)</p><p style='font-size:12pt;font-weight:400;'>I read with despair about the latest controversy -- geographic diversity -- in the awarding of licenses to grow medical marijuana in Maryland [\"Changes in licensees for medical pot criticized,\" Metro, Sept. 13]. It has been more than two years since the state legalized medical marijuana. As a person with multiple sclerosis who would benefit greatly from access to legal pot, I don't care who grows it or where it is grown.</p><p style='font-size:12pt;font-weight:400;'>Maryland politicians have lost sight of the law's purpose. Medical marijuana is not an economic-development initiative or an <span style=\"background-color:yellow;\">affirmative-action</span> program. It is a medical program.</p><p style='font-size:12pt;font-weight:400;'>Politicians and regulators need to focus on making this drug available as quickly as possible to people who need it.</p><p style='font-size:12pt;font-weight:400;'>Marilynne Rudick , Chevy Chase</p></div>", "displayed_text": "<div><p>Marylanders who need medical marijuana don't care where it is grown (Posted 2016-09-16 22:31:48)</p><p style='font-size:12pt;font-weight:400;'>I read with despair about the latest controversy -- geographic diversity -- in the awarding of licenses to grow medical marijuana in Maryland [\"Changes in licensees for medical pot criticized,\" Metro, Sept. 13]. It has been more than two years since the state legalized medical marijuana. As a person with multiple sclerosis who would benefit greatly from access to legal pot, I don't care who grows it or where it is grown.</p><p style='font-size:12pt;font-weight:400;'>Maryland politicians have lost sight of the law's purpose. Medical marijuana is not an economic-development initiative or an <span style=\"background-color:yellow;\">affirmative-action</span> program. It is a medical program.</p><p style='font-size:12pt;font-weight:400;'>Politicians and regulators need to focus on making this drug available as quickly as possible to people who need it.</p><p style='font-size:12pt;font-weight:400;'>Marilynne Rudick , Chevy Chase</p></div>"}, "test_question_testing_3": {"id": "test_question_testing_3", "text": "<p>Trump\u2019s megaphone amplifies white nationalism</p><p style='font-size:12pt;font-weight:400;'>In the realm of political discourse, President Trump wields a megaphone that seemingly amplifies the disquieting strains of white nationalism. The recent sidelining of 'Judge Jeanine' on Fox News, followed by Trump's eagerness to reinstate her despite controversial remarks about Rep. Omar's hijab, underscores this amplification of Islamophobia.</p><p style='font-size:12pt;font-weight:400;'>We want to make sure that participants are paying attention and reading the articles carefully. For this op-ed, please select that affirmative action is the main subject and that the author's attitude is strongly against affirmative action.</p><p style='font-size:12pt;font-weight:400;'>Regrettably, even respected news outlets find themselves amplifying Trump's rhetoric. Chris Wallace of Fox News, while attributing the Christchurch mosque shootings to the individual perpetrator, also acknowledged Trump's historical contributions to an atmosphere that fosters anti-Muslim and anti-immigrant sentiments.</p>", "displayed_text": "<p>Trump\u2019s megaphone amplifies white nationalism</p><p style='font-size:12pt;font-weight:400;'>In the realm of political discourse, President Trump wields a megaphone that seemingly amplifies the disquieting strains of white nationalism. The recent sidelining of 'Judge Jeanine' on Fox News, followed by Trump's eagerness to reinstate her despite controversial remarks about Rep. Omar's hijab, underscores this amplification of Islamophobia.</p><p style='font-size:12pt;font-weight:400;'>We want to make sure that participants are paying attention and reading the articles carefully. For this op-ed, please select that affirmative action is the main subject and that the author's attitude is strongly against affirmative action.</p><p style='font-size:12pt;font-weight:400;'>Regrettably, even respected news outlets find themselves amplifying Trump's rhetoric. Chris Wallace of Fox News, while attributing the Christchurch mosque shootings to the individual perpetrator, also acknowledged Trump's historical contributions to an atmosphere that fosters anti-Muslim and anti-immigrant sentiments.</p>"}, "aa_opeds_sample/txt/421333085.xml.txt": {"id": "aa_opeds_sample/txt/421333085.xml.txt", "text": "<div><p>THE NATION; RACE; At Times, the Problem Is Economics, Not Racism</p><p style='font-size:12pt;font-weight:400;'>President Bill Clinton's race-dialogue initiative, a commendable step toward understanding the role that race continues to play in American society, isn't likely to cover much new ground unless the dialogue is broadened to include issues of class as well as race. Focusing only on racism will deflect attention from the economic problems poor people of color face.</p><p style='font-size:12pt;font-weight:400;'>Although the president says he wants to lead Americans \"in a great and unprecedented conversation about race,\" it appears his primary goal is to marshal support for <span style=\"background-color:yellow;\">affirmative action</span>. <span style=\"background-color:yellow;\">Affirmative action</span> \"has given us a whole new generation of professionals in fields that used to be exclusive clubs,\" Clinton said in announcing his initiative. \"There are more African American, Latino and Asian American lawyers and judges, scientists and engineers, accountants and executives than ever before.\"</p><p style='font-size:12pt;font-weight:400;'>True, <span style=\"background-color:yellow;\">affirmative-action</span> programs have opened the way for more people of color to join the middle class, and that is a good thing. But such programs have done little for people of color who are members of the working and poverty classes.</p><p style='font-size:12pt;font-weight:400;'>Certainly, the successes of middle- and upper-class people of color can benefit poor people of color in indirect ways, like providing positive role models and weakening negative racial stereotypes. Furthermore, because middle-class people of color still face many disadvantages (bigotry, racially biased standardized tests, etc.) when competing against middle-class whites, some form of <span style=\"background-color:yellow;\">affirmative action</span> is still needed. But the experience of the past three decades has shown that <span style=\"background-color:yellow;\">affirmative-action</span> programs are no substitute for measures that would more directly address the effects of racism on poor people of color. In part, it is a story of how civil-rights organizations were co-opted into losing their focus on helping poor people.</p><p style='font-size:12pt;font-weight:400;'>After passage of the 1964 Civil Rights Act and the 1965 Voting Rights Act concluded the struggle for political and legal rights, civil rights leaders searched for new strategies to continue their struggle against racism. During the Mississippi March Against Fear in 1966, Willie Ricks, a staff member of the Student Nonviolent Coordinating Committee, discovered the powerful resonance of the phrase \"black power\" when delivering a speech. He told SNCC chairman Stokely Carmichael, who brought the term into popular consciousness at subsequent rallies.</p><p style='font-size:12pt;font-weight:400;'>But what was \"black power\"? Carmichael first defined it as black participation in politics to elect representatives more responsive to their needs. Later, he would identify American blacks as an exploited colony of the United States and attempt to link their struggle to the national liberation movements that flourished throughout the Third World after WWII.</p><p style='font-size:12pt;font-weight:400;'>But the last word on the subject would not belong to Carmichael. In 1967, corporate interests, led by the Ford Foundation, became deeply involved in financing almost all major civil rights organizations. The co-optation of these organizations and the corporate-financed black-power conferences of 1967 and 1968 were instrumental in redefining \"black power\" as black capitalism.</p><p style='font-size:12pt;font-weight:400;'>The equation of \"black power\" with black capitalism forestalled the possibility of class-based black-liberation struggles and quickly gained the endorsement of corporate and government leaders. In a 1968 radio broadcast, President Richard M. Nixon expressed his approval of \"black power, in the best, the constructive sense of that often misapplied term . . . It's no longer enough that white-owned enterprises employ greater number of Negroes, whether as laborers or as middle-management personnel. This is needed, yes--but it has to be accompanied by an expansion of black ownership, of black capitalism.\"</p><p style='font-size:12pt;font-weight:400;'>The failure of black capitalism to end racism is self-evident, as is the need to combine a class analysis with an anti-racist one in order to understand the needs of poor people of color. Even conservative critics of <span style=\"background-color:yellow;\">affirmative action</span> have made this point, arguing for class-based <span style=\"background-color:yellow;\">affirmative-action</span> policies as a better way of helping \"truly needy\" people of color. What remains to be seen is if these critics are sincere in their desire to help poor people of color or are merely searching for moral high ground from which to attack race-based <span style=\"background-color:yellow;\">affirmative action</span> policies.</p><p style='font-size:12pt;font-weight:400;'>Clinton's seven-member advisory panel must recognize that communities of color are not monolithic, that, like the rest of America, they are divided into economic classes with different problems and different needs. From here, the panel could build a consensus for a more comprehensive approach to fighting racism, not just defending race-based <span style=\"background-color:yellow;\">affirmative-action</span> policies that have proved to be, at best, tokenistic and, at worst, little more than pacification efforts designed to prop up a fundamentally racist system.</p><p style='font-size:12pt;font-weight:400;'>What would a more comprehensive approach entail? It might examine, for example, how de-industrialization has impoverished inner cities and how attacks on the \"liberal interventionist state,\" coupled with the resegregation of the country through \"white flight\" to the suburbs, have allowed middle-class white voters to tax themselves to pay for direct services while shielding their tax dollars from federal programs that might be used for urban renewal or to help poor people of color.</p><p style='font-size:12pt;font-weight:400;'>Such an analysis might suggest that the problems faced by people of color who are are forced to attend inferior schools in underfunded school districts could be eased if school funding was equalized through state or federal subsidies. This simple change would go a long way toward establishing the \"level playing field\" conservatives profess to champion.</p><p style='font-size:12pt;font-weight:400;'>At the very least, a more comprehensive approach to fighting racism should acknowledge that racism is experienced differently by members of different economic classes and therefore needs to be addressed through a variety of strategies. For example, middle- and working-class African Americans today experience racism most acutely in the form of racial discrimination and segregation in employment, housing and education.</p><p style='font-size:12pt;font-weight:400;'>These problems were exacerbated by a series of rulings issued in 1989 by the Rehnquist court that undercut many of the civil rights protections people of color had gained under the Warren court in the 1960s and the Burger court in the 1970s and early 1980s. The rulings combined to make voluntary <span style=\"background-color:yellow;\">affirmative-action</span> programs more difficult to establish and easier to undo, increased the burden of proving employment discrimination and drastically diminished the ability of people of color to fight segregation in employment, housing and education.</p><p style='font-size:12pt;font-weight:400;'>Other legal impediments to desegregation include various loopholes in the Fair Housing Act of 1968. The law is weak not only because it is not vigorously enforced, but also because some of its provisions exempt people who own or rent fewer than four single-family houses, the vast majority.</p><p style='font-size:12pt;font-weight:400;'>A more sympathetic Supreme Court, closing legal loopholes and vigorously enforcing anti-discrimination laws would help address the problem of racism within the middle and working classes. But legal changes are not likely to help members of the poverty class, whose circumstances are the result of structural changes in the economy. In the latter case, development of a broad-based employment-opportunity program that would include job creation, job training and free or subsidized child care is needed, not new dialogues about race relations. Opponents of government spending on such measures should consider that alternatives, such as building more prisons, are not without cost.</p><p style='font-size:12pt;font-weight:400;'>GRAPHIC-DRAWING: (...), VINCENT KIRSCH / for The Times</p><p style='font-size:12pt;font-weight:400;'>Credit: Jose Novoa is a student in the ethnic studies PhD program at UC Berkeley and teaches ethnic studies for the Peralta Community College School District</p></div>", "displayed_text": "<div><p>THE NATION; RACE; At Times, the Problem Is Economics, Not Racism</p><p style='font-size:12pt;font-weight:400;'>President Bill Clinton's race-dialogue initiative, a commendable step toward understanding the role that race continues to play in American society, isn't likely to cover much new ground unless the dialogue is broadened to include issues of class as well as race. Focusing only on racism will deflect attention from the economic problems poor people of color face.</p><p style='font-size:12pt;font-weight:400;'>Although the president says he wants to lead Americans \"in a great and unprecedented conversation about race,\" it appears his primary goal is to marshal support for <span style=\"background-color:yellow;\">affirmative action</span>. <span style=\"background-color:yellow;\">Affirmative action</span> \"has given us a whole new generation of professionals in fields that used to be exclusive clubs,\" Clinton said in announcing his initiative. \"There are more African American, Latino and Asian American lawyers and judges, scientists and engineers, accountants and executives than ever before.\"</p><p style='font-size:12pt;font-weight:400;'>True, <span style=\"background-color:yellow;\">affirmative-action</span> programs have opened the way for more people of color to join the middle class, and that is a good thing. But such programs have done little for people of color who are members of the working and poverty classes.</p><p style='font-size:12pt;font-weight:400;'>Certainly, the successes of middle- and upper-class people of color can benefit poor people of color in indirect ways, like providing positive role models and weakening negative racial stereotypes. Furthermore, because middle-class people of color still face many disadvantages (bigotry, racially biased standardized tests, etc.) when competing against middle-class whites, some form of <span style=\"background-color:yellow;\">affirmative action</span> is still needed. But the experience of the past three decades has shown that <span style=\"background-color:yellow;\">affirmative-action</span> programs are no substitute for measures that would more directly address the effects of racism on poor people of color. In part, it is a story of how civil-rights organizations were co-opted into losing their focus on helping poor people.</p><p style='font-size:12pt;font-weight:400;'>After passage of the 1964 Civil Rights Act and the 1965 Voting Rights Act concluded the struggle for political and legal rights, civil rights leaders searched for new strategies to continue their struggle against racism. During the Mississippi March Against Fear in 1966, Willie Ricks, a staff member of the Student Nonviolent Coordinating Committee, discovered the powerful resonance of the phrase \"black power\" when delivering a speech. He told SNCC chairman Stokely Carmichael, who brought the term into popular consciousness at subsequent rallies.</p><p style='font-size:12pt;font-weight:400;'>But what was \"black power\"? Carmichael first defined it as black participation in politics to elect representatives more responsive to their needs. Later, he would identify American blacks as an exploited colony of the United States and attempt to link their struggle to the national liberation movements that flourished throughout the Third World after WWII.</p><p style='font-size:12pt;font-weight:400;'>But the last word on the subject would not belong to Carmichael. In 1967, corporate interests, led by the Ford Foundation, became deeply involved in financing almost all major civil rights organizations. The co-optation of these organizations and the corporate-financed black-power conferences of 1967 and 1968 were instrumental in redefining \"black power\" as black capitalism.</p><p style='font-size:12pt;font-weight:400;'>The equation of \"black power\" with black capitalism forestalled the possibility of class-based black-liberation struggles and quickly gained the endorsement of corporate and government leaders. In a 1968 radio broadcast, President Richard M. Nixon expressed his approval of \"black power, in the best, the constructive sense of that often misapplied term . . . It's no longer enough that white-owned enterprises employ greater number of Negroes, whether as laborers or as middle-management personnel. This is needed, yes--but it has to be accompanied by an expansion of black ownership, of black capitalism.\"</p><p style='font-size:12pt;font-weight:400;'>The failure of black capitalism to end racism is self-evident, as is the need to combine a class analysis with an anti-racist one in order to understand the needs of poor people of color. Even conservative critics of <span style=\"background-color:yellow;\">affirmative action</span> have made this point, arguing for class-based <span style=\"background-color:yellow;\">affirmative-action</span> policies as a better way of helping \"truly needy\" people of color. What remains to be seen is if these critics are sincere in their desire to help poor people of color or are merely searching for moral high ground from which to attack race-based <span style=\"background-color:yellow;\">affirmative action</span> policies.</p><p style='font-size:12pt;font-weight:400;'>Clinton's seven-member advisory panel must recognize that communities of color are not monolithic, that, like the rest of America, they are divided into economic classes with different problems and different needs. From here, the panel could build a consensus for a more comprehensive approach to fighting racism, not just defending race-based <span style=\"background-color:yellow;\">affirmative-action</span> policies that have proved to be, at best, tokenistic and, at worst, little more than pacification efforts designed to prop up a fundamentally racist system.</p><p style='font-size:12pt;font-weight:400;'>What would a more comprehensive approach entail? It might examine, for example, how de-industrialization has impoverished inner cities and how attacks on the \"liberal interventionist state,\" coupled with the resegregation of the country through \"white flight\" to the suburbs, have allowed middle-class white voters to tax themselves to pay for direct services while shielding their tax dollars from federal programs that might be used for urban renewal or to help poor people of color.</p><p style='font-size:12pt;font-weight:400;'>Such an analysis might suggest that the problems faced by people of color who are are forced to attend inferior schools in underfunded school districts could be eased if school funding was equalized through state or federal subsidies. This simple change would go a long way toward establishing the \"level playing field\" conservatives profess to champion.</p><p style='font-size:12pt;font-weight:400;'>At the very least, a more comprehensive approach to fighting racism should acknowledge that racism is experienced differently by members of different economic classes and therefore needs to be addressed through a variety of strategies. For example, middle- and working-class African Americans today experience racism most acutely in the form of racial discrimination and segregation in employment, housing and education.</p><p style='font-size:12pt;font-weight:400;'>These problems were exacerbated by a series of rulings issued in 1989 by the Rehnquist court that undercut many of the civil rights protections people of color had gained under the Warren court in the 1960s and the Burger court in the 1970s and early 1980s. The rulings combined to make voluntary <span style=\"background-color:yellow;\">affirmative-action</span> programs more difficult to establish and easier to undo, increased the burden of proving employment discrimination and drastically diminished the ability of people of color to fight segregation in employment, housing and education.</p><p style='font-size:12pt;font-weight:400;'>Other legal impediments to desegregation include various loopholes in the Fair Housing Act of 1968. The law is weak not only because it is not vigorously enforced, but also because some of its provisions exempt people who own or rent fewer than four single-family houses, the vast majority.</p><p style='font-size:12pt;font-weight:400;'>A more sympathetic Supreme Court, closing legal loopholes and vigorously enforcing anti-discrimination laws would help address the problem of racism within the middle and working classes. But legal changes are not likely to help members of the poverty class, whose circumstances are the result of structural changes in the economy. In the latter case, development of a broad-based employment-opportunity program that would include job creation, job training and free or subsidized child care is needed, not new dialogues about race relations. Opponents of government spending on such measures should consider that alternatives, such as building more prisons, are not without cost.</p><p style='font-size:12pt;font-weight:400;'>GRAPHIC-DRAWING: (...), VINCENT KIRSCH / for The Times</p><p style='font-size:12pt;font-weight:400;'>Credit: Jose Novoa is a student in the ethnic studies PhD program at UC Berkeley and teaches ethnic studies for the Peralta Community College School District</p></div>"}, "aa_opeds_sample/txt/2244665351.xml.txt": {"id": "aa_opeds_sample/txt/2244665351.xml.txt", "text": "<div><p>Commentary: Reparations are necessary, if we want to move past being a nation of \u2018Sorry, not sorry\u2019</p><p style='font-size:12pt;font-weight:400;'>On Wednesday, members of the black community presented their argument in front of a House Judiciary panel for a bipartisan commission to study the issue of reparations surrounding racial discrimination in this country. The House Judiciary Committee\u2019s Subcommittee on the Constitution, Civil Rights and Civil Liberties held a hearing about H.R. 40, a proposal from Rep. Sheila Jackson Lee, D-Texas, that would authorize a national apology and study reparations for slavery against black people in America, or as Ta-Nehisi Coates referred to it in his testimony, a method that entailed \u201ctorture, rape, and child trafficking\u201d for 250 years.</p><p style='font-size:12pt;font-weight:400;'>The hearing date was significant. June 19 is \u201cJuneteenth,\u201d a celebration of the day in 1865 when Union troops arrived in Galveston, Texas, with the news that the Civil War was over, and that all remaining slaves in Texas were free.</p><p style='font-size:12pt;font-weight:400;'>Senate Majority Leader Mitch McConnell told the media the night before the hearings that he opposed reparations because, as he says: \u201cWe\u2019ve tried to deal with the original sin of slavery by passing civil rights legislation and electing an African American president, Barack Obama. It would be hard to figure out who to compensate for slavery. No one currently alive was responsible for that.\u201d</p><p style='font-size:12pt;font-weight:400;'>I wasn\u2019t alive when housing contracts were being worked, yet my world exists in the aftermath.</p><p style='font-size:12pt;font-weight:400;'>I wasn\u2019t alive when Emmett Till\u2019s beaten body was revealed to the world in a casket, yet we know too many mothers of black boys in the last several years who have been killed over fear and unconscious bias.</p><p style='font-size:12pt;font-weight:400;'>I\u2019m alive to see the shrugging of shoulders of those who think <span style=\"background-color:yellow;\">affirmative action</span> is no longer necessary.</p><p style='font-size:12pt;font-weight:400;'>I bear witness to the eye rolls and the myriad excuses for wage gaps and inequality in representation in the workplace and inequities when it comes to health care for my people.</p><p style='font-size:12pt;font-weight:400;'>I\u2019m here to bear witness to the poisoning of my people who still don\u2019t have safe water to drink in Flint, Michigan.</p><p style='font-size:12pt;font-weight:400;'>And I\u2019m here to read research that shows others think my people need less, not more of things like protection or support.</p><p style='font-size:12pt;font-weight:400;'>I\u2019m here to see our legacy acknowledged like those of the Jewish faith in the vein of Tshuvah \u2014 healing wrongs, to whatever extent that might be possible.</p><p style='font-size:12pt;font-weight:400;'>There are many people alive who are responsible for keeping the tentacles of this hydra called racism moving throughout generations \u2014 lest we forget about gerrymandering, or just trying to live your life and having a white person call the police over our mere presence in a public space.</p><p style='font-size:12pt;font-weight:400;'>Having just seen \"Hamilton,\u201d and humming the refrain \u201cWho lives, who dies, who tells your story\u201d all night, I can\u2019t help but wonder why people are opposed to the concept of reparations. We, as black Americans, are here telling our story, yet too many people choose not to want to hear it. Out of sight, out of mind? The black story doesn\u2019t cease to exist because others choose to ignore it. And the timeline of the black experience on these shores did not stop when Barack Obama became president. Our stories should not be shelved because a white senator such as McConnell doesn\u2019t see the benefit of righting a wrong that is so massive.</p><p style='font-size:12pt;font-weight:400;'>Just because no one has lived 150 years to give a firsthand account of the atrocities against so many black generations doesn\u2019t make the idea of economic reparations for their descendants insurmountable.</p><p style='font-size:12pt;font-weight:400;'>The idea that reparations are a bad idea because no one alive now is responsible makes no sense. Coates was on point with his rebuttal. It\u2019s time for America to get uncomfortable and put money behind fixing the inherent damage caused by slavery \u2014 damage that lingers today. We must move past being a nation of \u201cSorry, not sorry.\u201d</p><p style='font-size:12pt;font-weight:400;'>I want to be present when the rest of the nation wakes up to the real damage that slavery \u2014 and the egos and greed that linger from it \u2014 has brought us. I want to be present when real change and a real apology occur.</p><p style='font-size:12pt;font-weight:400;'>To quote Eve Ewing\u2019s poem \u201cWhat I Talk About When I Talk About Black Jesus,\u201d in \u201cElectric Arches,\u201d \u201cEver since black people came to this country, we have needed a Moses. There has always been so much water that needs parting.\u201d It\u2019s time to start parting, people. Or as Rep. Lee said to the hearing room, \u201cWhy not, and why not now?\u201d</p><p style='font-size:12pt;font-weight:400;'>Submit a letter, of no more than 400 words, to the editor here or email letters@chicagotribune.com.</p><p style='font-size:12pt;font-weight:400;'>Get our latest editorials, commentaries and columns, delivered twice a week in our Fighting Words newsletter. Sign up here.</p><p style='font-size:12pt;font-weight:400;'>Cr\u00e9dito: Darcel Rockett</p></div>", "displayed_text": "<div><p>Commentary: Reparations are necessary, if we want to move past being a nation of \u2018Sorry, not sorry\u2019</p><p style='font-size:12pt;font-weight:400;'>On Wednesday, members of the black community presented their argument in front of a House Judiciary panel for a bipartisan commission to study the issue of reparations surrounding racial discrimination in this country. The House Judiciary Committee\u2019s Subcommittee on the Constitution, Civil Rights and Civil Liberties held a hearing about H.R. 40, a proposal from Rep. Sheila Jackson Lee, D-Texas, that would authorize a national apology and study reparations for slavery against black people in America, or as Ta-Nehisi Coates referred to it in his testimony, a method that entailed \u201ctorture, rape, and child trafficking\u201d for 250 years.</p><p style='font-size:12pt;font-weight:400;'>The hearing date was significant. June 19 is \u201cJuneteenth,\u201d a celebration of the day in 1865 when Union troops arrived in Galveston, Texas, with the news that the Civil War was over, and that all remaining slaves in Texas were free.</p><p style='font-size:12pt;font-weight:400;'>Senate Majority Leader Mitch McConnell told the media the night before the hearings that he opposed reparations because, as he says: \u201cWe\u2019ve tried to deal with the original sin of slavery by passing civil rights legislation and electing an African American president, Barack Obama. It would be hard to figure out who to compensate for slavery. No one currently alive was responsible for that.\u201d</p><p style='font-size:12pt;font-weight:400;'>I wasn\u2019t alive when housing contracts were being worked, yet my world exists in the aftermath.</p><p style='font-size:12pt;font-weight:400;'>I wasn\u2019t alive when Emmett Till\u2019s beaten body was revealed to the world in a casket, yet we know too many mothers of black boys in the last several years who have been killed over fear and unconscious bias.</p><p style='font-size:12pt;font-weight:400;'>I\u2019m alive to see the shrugging of shoulders of those who think <span style=\"background-color:yellow;\">affirmative action</span> is no longer necessary.</p><p style='font-size:12pt;font-weight:400;'>I bear witness to the eye rolls and the myriad excuses for wage gaps and inequality in representation in the workplace and inequities when it comes to health care for my people.</p><p style='font-size:12pt;font-weight:400;'>I\u2019m here to bear witness to the poisoning of my people who still don\u2019t have safe water to drink in Flint, Michigan.</p><p style='font-size:12pt;font-weight:400;'>And I\u2019m here to read research that shows others think my people need less, not more of things like protection or support.</p><p style='font-size:12pt;font-weight:400;'>I\u2019m here to see our legacy acknowledged like those of the Jewish faith in the vein of Tshuvah \u2014 healing wrongs, to whatever extent that might be possible.</p><p style='font-size:12pt;font-weight:400;'>There are many people alive who are responsible for keeping the tentacles of this hydra called racism moving throughout generations \u2014 lest we forget about gerrymandering, or just trying to live your life and having a white person call the police over our mere presence in a public space.</p><p style='font-size:12pt;font-weight:400;'>Having just seen \"Hamilton,\u201d and humming the refrain \u201cWho lives, who dies, who tells your story\u201d all night, I can\u2019t help but wonder why people are opposed to the concept of reparations. We, as black Americans, are here telling our story, yet too many people choose not to want to hear it. Out of sight, out of mind? The black story doesn\u2019t cease to exist because others choose to ignore it. And the timeline of the black experience on these shores did not stop when Barack Obama became president. Our stories should not be shelved because a white senator such as McConnell doesn\u2019t see the benefit of righting a wrong that is so massive.</p><p style='font-size:12pt;font-weight:400;'>Just because no one has lived 150 years to give a firsthand account of the atrocities against so many black generations doesn\u2019t make the idea of economic reparations for their descendants insurmountable.</p><p style='font-size:12pt;font-weight:400;'>The idea that reparations are a bad idea because no one alive now is responsible makes no sense. Coates was on point with his rebuttal. It\u2019s time for America to get uncomfortable and put money behind fixing the inherent damage caused by slavery \u2014 damage that lingers today. We must move past being a nation of \u201cSorry, not sorry.\u201d</p><p style='font-size:12pt;font-weight:400;'>I want to be present when the rest of the nation wakes up to the real damage that slavery \u2014 and the egos and greed that linger from it \u2014 has brought us. I want to be present when real change and a real apology occur.</p><p style='font-size:12pt;font-weight:400;'>To quote Eve Ewing\u2019s poem \u201cWhat I Talk About When I Talk About Black Jesus,\u201d in \u201cElectric Arches,\u201d \u201cEver since black people came to this country, we have needed a Moses. There has always been so much water that needs parting.\u201d It\u2019s time to start parting, people. Or as Rep. Lee said to the hearing room, \u201cWhy not, and why not now?\u201d</p><p style='font-size:12pt;font-weight:400;'>Submit a letter, of no more than 400 words, to the editor here or email letters@chicagotribune.com.</p><p style='font-size:12pt;font-weight:400;'>Get our latest editorials, commentaries and columns, delivered twice a week in our Fighting Words newsletter. Sign up here.</p><p style='font-size:12pt;font-weight:400;'>Cr\u00e9dito: Darcel Rockett</p></div>"}, "aa_opeds_sample/txt/428907164.xml.txt": {"id": "aa_opeds_sample/txt/428907164.xml.txt", "text": "<div><p>Putting the Spin on the N.A.A.C.P.</p><p style='font-size:12pt;font-weight:400;'>Julian Bond, a former member of the N.A.A.C.P. board of directors, teaches history and politics at the University of Virginia and American University.</p><p style='font-size:12pt;font-weight:400;'>To: Journalists and Pundits From: Media Central Re: N.A.A.C.P.</p><p style='font-size:12pt;font-weight:400;'>This memo is prompted by the news that more than 75 people have applied to replace Benjamin Hooks as executive director of the National Association for the Advancement of Colored People and the speculation that Jesse Jackson is a leading candidate for the job.</p><p style='font-size:12pt;font-weight:400;'>Mr. Jackson's interest and the avalanche of applications mean we who control the media must try harder to reinforce the perception that the N.A.A.C.P. and the civil rights leadership are outmoded, old-fashioned, irrelevant and out of touch with black Americans.</p><p style='font-size:12pt;font-weight:400;'>Here are some story suggestions, which you are free to adapt to your needs. A reminder: sprinkle your copy with words like venerable, ancient, old and geriatric.</p><p style='font-size:12pt;font-weight:400;'>\"Rap Stars, not N.A.A.C.P., Speak for Black Youth!\" Your local university or community college probably has an N.A.A.C.P. youth chapter; ignore it and find a kid who will say that Ice-T, Sister Souljah or Kool Moe Dee speaks for him or her. Do not ask whom the student will call if he or she is the victim of discrimination.</p><p style='font-size:12pt;font-weight:400;'>\"N.A.A.C.P. Out of Touch With Black America!\" There are dozens of surveys that show blacks and the N.A.A.C.P. agree on most civil rights-related questions. Avoid these and dwell instead on abortion or the death penalty, issues where blacks are as divided as whites. Your Rolodex should have the names of a half dozen black Reagan-Bush conservatives. They're always good for a \"family values\" quotation or a verbal assault on the black leaders their sponsors hoped they'd replace.</p><p style='font-size:12pt;font-weight:400;'>\"N.A.A.C.P. in Disarray Over . . . \" Fill in \"Jackson bid\" or any other timely words or phrases; it doesn't matter. Remember when only 2 of the group's 2,200 branches and none of its board members supported Clarence Thomas? We were able to convince the public that the organization was split over the nomination, and we can do it again. Trot out those anonymous sources. Interview people who are members of rival groups.</p><p style='font-size:12pt;font-weight:400;'>\"Only Black Middle Class Helped by N.A.A.C.P.\" Be careful here. The last time we went with this we were flooded with complaints from middle-class blacks; frankly, we thought they didn't face discrimination today. Ignore recent court rulings giving millions of dollars to blue-collar and low-skill blacks who have won civil rights suits.</p><p style='font-size:12pt;font-weight:400;'>Here's another angle. While the black middle class has grown, black unemployment is still twice as high as it is for whites, and blacks still earn less money than comparable whites. One of those right-wing think tanks will have someone -- white or black -- to argue that it is inappropriate for blacks to seek the type of Government assistance that subsidizes farmers.</p><p style='font-size:12pt;font-weight:400;'>\"Civil Rights Equal Civil Wrongs.\" This chestnut has been around forever. Here are some arguments used against busing in Montgomery, Ala., in the 1950's that you can rework and use today: integration robs blacks of racial pride; Federal protection against racism makes blacks wards of the state; desegregation upsets race relations. Remember versions of these from the fight over the 1992 Civil Rights Act? If you look hard enough, you can even find blacks who will argue that <span style=\"background-color:yellow;\">affirmative action</span> makes its beneficiaries feel bad! (Warning! Do not ask whether whites who receive preferential treatment feel bad.)</p><p style='font-size:12pt;font-weight:400;'>You've got the idea; if you get stuck, call our special toll-free number.</p></div>", "displayed_text": "<div><p>Putting the Spin on the N.A.A.C.P.</p><p style='font-size:12pt;font-weight:400;'>Julian Bond, a former member of the N.A.A.C.P. board of directors, teaches history and politics at the University of Virginia and American University.</p><p style='font-size:12pt;font-weight:400;'>To: Journalists and Pundits From: Media Central Re: N.A.A.C.P.</p><p style='font-size:12pt;font-weight:400;'>This memo is prompted by the news that more than 75 people have applied to replace Benjamin Hooks as executive director of the National Association for the Advancement of Colored People and the speculation that Jesse Jackson is a leading candidate for the job.</p><p style='font-size:12pt;font-weight:400;'>Mr. Jackson's interest and the avalanche of applications mean we who control the media must try harder to reinforce the perception that the N.A.A.C.P. and the civil rights leadership are outmoded, old-fashioned, irrelevant and out of touch with black Americans.</p><p style='font-size:12pt;font-weight:400;'>Here are some story suggestions, which you are free to adapt to your needs. A reminder: sprinkle your copy with words like venerable, ancient, old and geriatric.</p><p style='font-size:12pt;font-weight:400;'>\"Rap Stars, not N.A.A.C.P., Speak for Black Youth!\" Your local university or community college probably has an N.A.A.C.P. youth chapter; ignore it and find a kid who will say that Ice-T, Sister Souljah or Kool Moe Dee speaks for him or her. Do not ask whom the student will call if he or she is the victim of discrimination.</p><p style='font-size:12pt;font-weight:400;'>\"N.A.A.C.P. Out of Touch With Black America!\" There are dozens of surveys that show blacks and the N.A.A.C.P. agree on most civil rights-related questions. Avoid these and dwell instead on abortion or the death penalty, issues where blacks are as divided as whites. Your Rolodex should have the names of a half dozen black Reagan-Bush conservatives. They're always good for a \"family values\" quotation or a verbal assault on the black leaders their sponsors hoped they'd replace.</p><p style='font-size:12pt;font-weight:400;'>\"N.A.A.C.P. in Disarray Over . . . \" Fill in \"Jackson bid\" or any other timely words or phrases; it doesn't matter. Remember when only 2 of the group's 2,200 branches and none of its board members supported Clarence Thomas? We were able to convince the public that the organization was split over the nomination, and we can do it again. Trot out those anonymous sources. Interview people who are members of rival groups.</p><p style='font-size:12pt;font-weight:400;'>\"Only Black Middle Class Helped by N.A.A.C.P.\" Be careful here. The last time we went with this we were flooded with complaints from middle-class blacks; frankly, we thought they didn't face discrimination today. Ignore recent court rulings giving millions of dollars to blue-collar and low-skill blacks who have won civil rights suits.</p><p style='font-size:12pt;font-weight:400;'>Here's another angle. While the black middle class has grown, black unemployment is still twice as high as it is for whites, and blacks still earn less money than comparable whites. One of those right-wing think tanks will have someone -- white or black -- to argue that it is inappropriate for blacks to seek the type of Government assistance that subsidizes farmers.</p><p style='font-size:12pt;font-weight:400;'>\"Civil Rights Equal Civil Wrongs.\" This chestnut has been around forever. Here are some arguments used against busing in Montgomery, Ala., in the 1950's that you can rework and use today: integration robs blacks of racial pride; Federal protection against racism makes blacks wards of the state; desegregation upsets race relations. Remember versions of these from the fight over the 1992 Civil Rights Act? If you look hard enough, you can even find blacks who will argue that <span style=\"background-color:yellow;\">affirmative action</span> makes its beneficiaries feel bad! (Warning! Do not ask whether whites who receive preferential treatment feel bad.)</p><p style='font-size:12pt;font-weight:400;'>You've got the idea; if you get stuck, call our special toll-free number.</p></div>"}, "aa_opeds_sample/txt/2648708177.xml.txt": {"id": "aa_opeds_sample/txt/2648708177.xml.txt", "text": "<div><p>Teach '1619' and '1776' U.S. History; The answer to ideological education isn't to ban the ideology but to make room for alternative views.</p><p style='font-size:12pt;font-weight:400;'>Conventional wisdom has it that there are only two sides in the culture war over kids' instruction on race and racism in America. Those on the right want to impose state-level bans on teaching critical race theory in public schools. Some also want to remove particular books from libraries and curriculums. On the left, people want to teach about America's history of racism and contemporary systemic racism but from only one perspective, with little if any room for debate. They deny CRT is being taught. I don't believe these are really the only options. Schools can and should teach about race and racism while upholding this nation's liberal values of free inquiry.</p><p style='font-size:12pt;font-weight:400;'>I know firsthand that American public schools are suffering from highly ideological instruction. I recently received an email from Maryland's Montgomery County Public Schools, where I have two children enrolled in 11th grade, updating parents on an \"Antiracist Audit\" the school system is undertaking. The report describes a new proposed social-studies curriculum, which \"strengthens students' sense of racial, ethnic, and tribal identities, helps students understand and resist systems of oppression, and empowers students to see themselves as change agents.\"</p><p style='font-size:12pt;font-weight:400;'>I don't know if this technically constitutes CRT, and I don't care. What I do know is that this sort of teaching is highly prescriptive. It doesn't sound open in the least to alternative interpretation or debate. It doesn't invite inquiry or encourage critical thinking. It imparts opinion\u2014that the American system currently oppresses specific people in specific ways\u2014as fact. While there is certainly racism in America, how much of it, where it exists and doesn't exist, and what it explains and doesn't explain about the lives of black Americans and other people of color aren't settled questions and should be open to discussion and debate.</p><p style='font-size:12pt;font-weight:400;'>I wish I could say I was shocked by the audit report's announcement. But the sort of opinion-laden pedagogy it proposed adding to the social-studies curriculum is already a big part of my kids' education. My 16-year-old son has complained bitterly about the discussion of racism at his high school. It's not that he doesn't want to discuss race or racism\u2014he does\u2014but that he doesn't want to be told precisely what to think about every social issue. So saturated has the discussion become about race in school, he told me, that his physics class devoted time to it.</p><p style='font-size:12pt;font-weight:400;'>His English teacher recently asked him point-blank what he thinks the black American experience is in America today. \"I wanted to say that I think black people are as different from each other as white people are, but I could never say that in class,\" he told me. Instead, he kept silent. Kids are expected to parrot back only one answer: To be black in America is to suffer continuous discrimination and indignation. There is nothing wrong with holding this view, but it clearly isn't shared by everyone in the black community.</p><p style='font-size:12pt;font-weight:400;'>In my son's weekly current-events class, which discusses contemporary social issues, something he normally loves to do, every single issue\u2014from sexuality to crime to immigration\u2014is discussed through \"a racial equity lens,\" with no room for alternative interpretations.</p><p style='font-size:12pt;font-weight:400;'>At least in college he should get some reprieve. He's ruled out going to a small liberal-arts school, so he won't be stuck in a hermetically sealed ideological bubble forever.</p><p style='font-size:12pt;font-weight:400;'>My son's experience is far from unique. There is a reason significant numbers of Virginians who voted for Joe Biden in 2020 went on in 2021 to vote in a Republican governor who pledged to push back on CRT instruction. They saw the assignments their children brought home and overheard the Zoom classroom discussions and were rightly horrified.</p><p style='font-size:12pt;font-weight:400;'>Unfortunately, the new governor, in response to these encroachments on American liberal values, signed an executive order aimed at ending the use of \"divisive concepts\" in Virginia schools. While some of the examples the order uses to define these concepts are truly violative of existing civil-rights law, it is not always so narrowly tailored. It also seeks to stop curriculum or other education-related policy from including the idea that \"members of one race, ethnicity, sex or faith cannot and should not attempt to treat others as individuals without respect to race, sex or faith.\"</p><p style='font-size:12pt;font-weight:400;'>That example is so vaguely worded that it could conceivably be interpreted as a prohibition against teaching various sides of the <span style=\"background-color:yellow;\">affirmative-action</span> debate or even about Supreme Court decisions on racial preferences, which would normally be part of a social-studies curriculum. It could certainly make teachers more reluctant to hold discussions on such matters. The executive order's ban is also \"not limited\" to the specific examples it raises and could theoretically deter other important classroom conversations.</p><p style='font-size:12pt;font-weight:400;'>I want my high-school-age children to learn about the history of this country, including the \"1619\" version. I want them to understand America's legacy of race and racism, chattel slavery, Reconstruction, Jim Crow and red lining. I want them to know that there is still racism in this nation today and about the troubling disparities in various institutions, especially the criminal-justice system.</p><p style='font-size:12pt;font-weight:400;'>But students like my son should also be exposed to more than one opinion on why there are still racial disparities in America. There's no shortage of rigorous scholarship on the matter. Harvard sociologist Orlando Patterson has written several books about the complex role of both systemic and cultural factors in inner-city communities. Columbia linguist John McWhorter, while acknowledging the continuing role of systemic racism, similarly sees other variables at work, including family structure. Brown University economist Glenn Loury has questioned many of the left's pieties on systemic oppression.</p><p style='font-size:12pt;font-weight:400;'>Teaching multiple perspectives and the \"1619\" and \"1776\" versions of American history would be the best way to encourage open inquiry. Students could read Ibram X. Kendi's bestseller \"How to Be an Antiracist\" alongside one of the many articles or books by writers like Messrs. Loury, McWhorter and Patterson. Kids would hear theories about \"systems of oppression,\" but they would also hear about the role that class and cultural differences play in disparity. In short, they would receive multiple narratives and explanations about why America is the way it is today and decide for themselves what to think and do about it.</p><p style='font-size:12pt;font-weight:400;'>I want my kids to get a good education. That means exposing them to ideas that some on the right want banned and other ideas that some on the left actively demonize. That's a true American education.</p><p style='font-size:12pt;font-weight:400;'>Mr. Bernstein is founder of the Jewish Institute for Liberal Values.</p><p style='font-size:12pt;font-weight:400;'>Teach '1619' and '1776' U.S. History</p><p style='font-size:12pt;font-weight:400;'>Credit: By David Bernstein</p></div>", "displayed_text": "<div><p>Teach '1619' and '1776' U.S. History; The answer to ideological education isn't to ban the ideology but to make room for alternative views.</p><p style='font-size:12pt;font-weight:400;'>Conventional wisdom has it that there are only two sides in the culture war over kids' instruction on race and racism in America. Those on the right want to impose state-level bans on teaching critical race theory in public schools. Some also want to remove particular books from libraries and curriculums. On the left, people want to teach about America's history of racism and contemporary systemic racism but from only one perspective, with little if any room for debate. They deny CRT is being taught. I don't believe these are really the only options. Schools can and should teach about race and racism while upholding this nation's liberal values of free inquiry.</p><p style='font-size:12pt;font-weight:400;'>I know firsthand that American public schools are suffering from highly ideological instruction. I recently received an email from Maryland's Montgomery County Public Schools, where I have two children enrolled in 11th grade, updating parents on an \"Antiracist Audit\" the school system is undertaking. The report describes a new proposed social-studies curriculum, which \"strengthens students' sense of racial, ethnic, and tribal identities, helps students understand and resist systems of oppression, and empowers students to see themselves as change agents.\"</p><p style='font-size:12pt;font-weight:400;'>I don't know if this technically constitutes CRT, and I don't care. What I do know is that this sort of teaching is highly prescriptive. It doesn't sound open in the least to alternative interpretation or debate. It doesn't invite inquiry or encourage critical thinking. It imparts opinion\u2014that the American system currently oppresses specific people in specific ways\u2014as fact. While there is certainly racism in America, how much of it, where it exists and doesn't exist, and what it explains and doesn't explain about the lives of black Americans and other people of color aren't settled questions and should be open to discussion and debate.</p><p style='font-size:12pt;font-weight:400;'>I wish I could say I was shocked by the audit report's announcement. But the sort of opinion-laden pedagogy it proposed adding to the social-studies curriculum is already a big part of my kids' education. My 16-year-old son has complained bitterly about the discussion of racism at his high school. It's not that he doesn't want to discuss race or racism\u2014he does\u2014but that he doesn't want to be told precisely what to think about every social issue. So saturated has the discussion become about race in school, he told me, that his physics class devoted time to it.</p><p style='font-size:12pt;font-weight:400;'>His English teacher recently asked him point-blank what he thinks the black American experience is in America today. \"I wanted to say that I think black people are as different from each other as white people are, but I could never say that in class,\" he told me. Instead, he kept silent. Kids are expected to parrot back only one answer: To be black in America is to suffer continuous discrimination and indignation. There is nothing wrong with holding this view, but it clearly isn't shared by everyone in the black community.</p><p style='font-size:12pt;font-weight:400;'>In my son's weekly current-events class, which discusses contemporary social issues, something he normally loves to do, every single issue\u2014from sexuality to crime to immigration\u2014is discussed through \"a racial equity lens,\" with no room for alternative interpretations.</p><p style='font-size:12pt;font-weight:400;'>At least in college he should get some reprieve. He's ruled out going to a small liberal-arts school, so he won't be stuck in a hermetically sealed ideological bubble forever.</p><p style='font-size:12pt;font-weight:400;'>My son's experience is far from unique. There is a reason significant numbers of Virginians who voted for Joe Biden in 2020 went on in 2021 to vote in a Republican governor who pledged to push back on CRT instruction. They saw the assignments their children brought home and overheard the Zoom classroom discussions and were rightly horrified.</p><p style='font-size:12pt;font-weight:400;'>Unfortunately, the new governor, in response to these encroachments on American liberal values, signed an executive order aimed at ending the use of \"divisive concepts\" in Virginia schools. While some of the examples the order uses to define these concepts are truly violative of existing civil-rights law, it is not always so narrowly tailored. It also seeks to stop curriculum or other education-related policy from including the idea that \"members of one race, ethnicity, sex or faith cannot and should not attempt to treat others as individuals without respect to race, sex or faith.\"</p><p style='font-size:12pt;font-weight:400;'>That example is so vaguely worded that it could conceivably be interpreted as a prohibition against teaching various sides of the <span style=\"background-color:yellow;\">affirmative-action</span> debate or even about Supreme Court decisions on racial preferences, which would normally be part of a social-studies curriculum. It could certainly make teachers more reluctant to hold discussions on such matters. The executive order's ban is also \"not limited\" to the specific examples it raises and could theoretically deter other important classroom conversations.</p><p style='font-size:12pt;font-weight:400;'>I want my high-school-age children to learn about the history of this country, including the \"1619\" version. I want them to understand America's legacy of race and racism, chattel slavery, Reconstruction, Jim Crow and red lining. I want them to know that there is still racism in this nation today and about the troubling disparities in various institutions, especially the criminal-justice system.</p><p style='font-size:12pt;font-weight:400;'>But students like my son should also be exposed to more than one opinion on why there are still racial disparities in America. There's no shortage of rigorous scholarship on the matter. Harvard sociologist Orlando Patterson has written several books about the complex role of both systemic and cultural factors in inner-city communities. Columbia linguist John McWhorter, while acknowledging the continuing role of systemic racism, similarly sees other variables at work, including family structure. Brown University economist Glenn Loury has questioned many of the left's pieties on systemic oppression.</p><p style='font-size:12pt;font-weight:400;'>Teaching multiple perspectives and the \"1619\" and \"1776\" versions of American history would be the best way to encourage open inquiry. Students could read Ibram X. Kendi's bestseller \"How to Be an Antiracist\" alongside one of the many articles or books by writers like Messrs. Loury, McWhorter and Patterson. Kids would hear theories about \"systems of oppression,\" but they would also hear about the role that class and cultural differences play in disparity. In short, they would receive multiple narratives and explanations about why America is the way it is today and decide for themselves what to think and do about it.</p><p style='font-size:12pt;font-weight:400;'>I want my kids to get a good education. That means exposing them to ideas that some on the right want banned and other ideas that some on the left actively demonize. That's a true American education.</p><p style='font-size:12pt;font-weight:400;'>Mr. Bernstein is founder of the Jewish Institute for Liberal Values.</p><p style='font-size:12pt;font-weight:400;'>Teach '1619' and '1776' U.S. History</p><p style='font-size:12pt;font-weight:400;'>Credit: By David Bernstein</p></div>"}, "aa_opeds_sample/txt/421303437.xml.txt": {"id": "aa_opeds_sample/txt/421303437.xml.txt", "text": "<div><p>Valley Perspective; PERSPECTIVE ON POLITICS; 24 Years of Change, Not All for the Better; Time has brought diversity and a more involved public. But personal relationships and an atmosphere of civility have clearly eroded.</p><p style='font-size:12pt;font-weight:400;'>As I prepare for other pursuits after 24 years as a state legislator, I have reflected upon the changes that have occurred in the state Capitol. Some have been good but others do not bode well as California's policy choices become more difficult and contentious.</p><p style='font-size:12pt;font-weight:400;'>On the positive side, the public is more involved in influencing state policy today than when I started. The Internet makes legislative documents available for free. Cable television broadcasts live floor and committee sessions.</p><p style='font-size:12pt;font-weight:400;'>Also, the Legislature better reflects the diversity of California. When I first came to Sacramento, there were only two women and six Hispanic members among the 120 legislators; now 26 women and 20 Hispanic members serve in the Capitol, and the numbers are growing.</p><p style='font-size:12pt;font-weight:400;'>One area that has not changed for the better is the personal relationships among legislators. This decline makes the job less enjoyable and makes it more difficult to agree on public policy.</p><p style='font-size:12pt;font-weight:400;'>When I first came to Sacramento, legislators worked together by day and socialized by night. Sometimes we argued, but it was always done respectfully. I was friends with rural, conservative Republicans and they were friends with me, a liberal Democrat from Los Angeles.</p><p style='font-size:12pt;font-weight:400;'>I would umpire softball games between the Senate and Assembly (I admit I threw a few calls to the more \"mature\" and \"deliberative\" Senate players.) Legislators would get together at the Derby Club, a lunch organization established in 1953. The club has a strict rule prohibiting discussion of legislative business so people can to know each other as human beings.</p><p style='font-size:12pt;font-weight:400;'>Frank Fat's, a 60-year-old Chinese restaurant three blocks from the Capitol building, often was filled with legislators sharing a meal or drink.</p><p style='font-size:12pt;font-weight:400;'>Today the atmosphere has changed. Years go by without a softball game. The Derby Club is ebbing because younger legislators have shown little interest in attending a weekly lunch. I see fewer legislators hanging out at Fat's.</p><p style='font-size:12pt;font-weight:400;'>Increasingly, members of the Legislature do not take the time to get to know one another on a personal level. Socializing with a member of the opposite party is almost considered an act of treason among some newer, more partisan members.</p><p style='font-size:12pt;font-weight:400;'>The respectful courtesy that opponents once extended during floor debates has given way to petty bickering, personal insults and simplistic bombast.</p><p style='font-size:12pt;font-weight:400;'>Several factors have contributed to the change. Public discourse generally has become more crass, corroded by television sound bites, shrill talk-radio hosts and candidates promising easy fixes to complex problems.</p><p style='font-size:12pt;font-weight:400;'>Term limits have short-circuited the ability of legislators to develop relationships that will last beyond the next election. An increased number of competitive legislative districts has raised the political stakes as each party vies for control of the two houses.</p><p style='font-size:12pt;font-weight:400;'>Whatever the reasons, the erosion of personal relationships hurts the Legislature's ability to deal with the difficult issues ahead.</p><p style='font-size:12pt;font-weight:400;'>In my view, the deterioration of relationships in the Legislature contributed to the disturbing racial undertones of recent ballot measures concerning <span style=\"background-color:yellow;\">affirmative action</span>, bilingual education and illegal immigration. It was heartbreaking to see legislators from differing cultural or racial backgrounds debate these issues with an utter lack of sensitivity or understanding.</p><p style='font-size:12pt;font-weight:400;'>Politics has never been an avocation for the meek. It attracts people with healthy egos and strong opinions.</p><p style='font-size:12pt;font-weight:400;'>Under these conditions, it is essential for legislators to get to know one another personally, off hours, to discuss nonlegislative matters. Learn about families, hobbies and upbringing. Discover hopes and motivations.</p><p style='font-size:12pt;font-weight:400;'>As the most diverse society in human history and the most complicated state in the nation, California needs legislators who will work hard at developing harmony.</p><p style='font-size:12pt;font-weight:400;'>A good place to start is at lunch.</p><p style='font-size:12pt;font-weight:400;'>PHOTO: Herschel Rosenthal</p><p style='font-size:12pt;font-weight:400;'>Credit: Herschel Rosenthal is a Democrat who has represented portions of the San Fernando Valley and West Los Angeles</p></div>", "displayed_text": "<div><p>Valley Perspective; PERSPECTIVE ON POLITICS; 24 Years of Change, Not All for the Better; Time has brought diversity and a more involved public. But personal relationships and an atmosphere of civility have clearly eroded.</p><p style='font-size:12pt;font-weight:400;'>As I prepare for other pursuits after 24 years as a state legislator, I have reflected upon the changes that have occurred in the state Capitol. Some have been good but others do not bode well as California's policy choices become more difficult and contentious.</p><p style='font-size:12pt;font-weight:400;'>On the positive side, the public is more involved in influencing state policy today than when I started. The Internet makes legislative documents available for free. Cable television broadcasts live floor and committee sessions.</p><p style='font-size:12pt;font-weight:400;'>Also, the Legislature better reflects the diversity of California. When I first came to Sacramento, there were only two women and six Hispanic members among the 120 legislators; now 26 women and 20 Hispanic members serve in the Capitol, and the numbers are growing.</p><p style='font-size:12pt;font-weight:400;'>One area that has not changed for the better is the personal relationships among legislators. This decline makes the job less enjoyable and makes it more difficult to agree on public policy.</p><p style='font-size:12pt;font-weight:400;'>When I first came to Sacramento, legislators worked together by day and socialized by night. Sometimes we argued, but it was always done respectfully. I was friends with rural, conservative Republicans and they were friends with me, a liberal Democrat from Los Angeles.</p><p style='font-size:12pt;font-weight:400;'>I would umpire softball games between the Senate and Assembly (I admit I threw a few calls to the more \"mature\" and \"deliberative\" Senate players.) Legislators would get together at the Derby Club, a lunch organization established in 1953. The club has a strict rule prohibiting discussion of legislative business so people can to know each other as human beings.</p><p style='font-size:12pt;font-weight:400;'>Frank Fat's, a 60-year-old Chinese restaurant three blocks from the Capitol building, often was filled with legislators sharing a meal or drink.</p><p style='font-size:12pt;font-weight:400;'>Today the atmosphere has changed. Years go by without a softball game. The Derby Club is ebbing because younger legislators have shown little interest in attending a weekly lunch. I see fewer legislators hanging out at Fat's.</p><p style='font-size:12pt;font-weight:400;'>Increasingly, members of the Legislature do not take the time to get to know one another on a personal level. Socializing with a member of the opposite party is almost considered an act of treason among some newer, more partisan members.</p><p style='font-size:12pt;font-weight:400;'>The respectful courtesy that opponents once extended during floor debates has given way to petty bickering, personal insults and simplistic bombast.</p><p style='font-size:12pt;font-weight:400;'>Several factors have contributed to the change. Public discourse generally has become more crass, corroded by television sound bites, shrill talk-radio hosts and candidates promising easy fixes to complex problems.</p><p style='font-size:12pt;font-weight:400;'>Term limits have short-circuited the ability of legislators to develop relationships that will last beyond the next election. An increased number of competitive legislative districts has raised the political stakes as each party vies for control of the two houses.</p><p style='font-size:12pt;font-weight:400;'>Whatever the reasons, the erosion of personal relationships hurts the Legislature's ability to deal with the difficult issues ahead.</p><p style='font-size:12pt;font-weight:400;'>In my view, the deterioration of relationships in the Legislature contributed to the disturbing racial undertones of recent ballot measures concerning <span style=\"background-color:yellow;\">affirmative action</span>, bilingual education and illegal immigration. It was heartbreaking to see legislators from differing cultural or racial backgrounds debate these issues with an utter lack of sensitivity or understanding.</p><p style='font-size:12pt;font-weight:400;'>Politics has never been an avocation for the meek. It attracts people with healthy egos and strong opinions.</p><p style='font-size:12pt;font-weight:400;'>Under these conditions, it is essential for legislators to get to know one another personally, off hours, to discuss nonlegislative matters. Learn about families, hobbies and upbringing. Discover hopes and motivations.</p><p style='font-size:12pt;font-weight:400;'>As the most diverse society in human history and the most complicated state in the nation, California needs legislators who will work hard at developing harmony.</p><p style='font-size:12pt;font-weight:400;'>A good place to start is at lunch.</p><p style='font-size:12pt;font-weight:400;'>PHOTO: Herschel Rosenthal</p><p style='font-size:12pt;font-weight:400;'>Credit: Herschel Rosenthal is a Democrat who has represented portions of the San Fernando Valley and West Los Angeles</p></div>"}, "aa_opeds_sample/txt/2193427873.xml.txt": {"id": "aa_opeds_sample/txt/2193427873.xml.txt", "text": "<div><p>Morning Bits: Trump\u2019s megaphone amplifies white nationalism</p><p style='font-size:12pt;font-weight:400;'>President Trump amplifies Islamophobia. \"Fox News bumps 'Judge Jeanine' after remarks about Rep. Omar's hijab. Trump wants her back on air.\"</p><p style='font-size:12pt;font-weight:400;'>Trump's amplifies tasteless political rhetoric. \"Sen. Chris Coons (D-Del.) on Sunday called on President Donald Trump to apologize for trashing the late John McCain on Twitter during the weekend, and backed the departed Arizona Republican for delivering to the FBI the so-called dossier on Trump's alleged ties to Russia.\"</p><p style='font-size:12pt;font-weight:400;'>The college admissions scandal amplifies issues regarding class and race. \"The outrage over the scam laid out by federal prosecutors has opened a new battleground in the <span style=\"background-color:yellow;\">affirmative action</span> war. Opponents of the policy say the allegations bolster their arguments that elite colleges can't be trusted to vet students impartially. Defenders of racial preferences say, 'There's a lot more kids at elite colleges because their parents are rich than because they're brown or black.'\"</p><p style='font-size:12pt;font-weight:400;'>Sen. Amy Klobuchar (D-Minn.) knocks Trump for amplifying racial and religious hatred. \"His rhetoric doesn't help. . . . At the very least he is dividing me.\"</p><p style='font-size:12pt;font-weight:400;'>Unfortunately, Chris Wallace's network amplifies Trump' rhetoric. \"On Sunday morning's edition of Fox News Sunday, Wallace was careful to place blame for the shooting \u2014 which killed 49 people at two mosques in Christchurch, New Zealand \u2014 squarely on the terrorist who carried out the act, but called out Trump's history of stoking anti-Muslim, anti-immigrant sentiments in language similar to the killer's.\"</p><p style='font-size:12pt;font-weight:400;'>Trump's not the only politician who amplifies hateful messages. \"An anti-immigration lawmaker in Australia who has been criticized for blaming Muslim immigration for Friday's New Zealand shootings struck a teenager who smashed an egg on his head in Melbourne on Saturday.\"</p><p style='font-size:12pt;font-weight:400;'>Beto O'Rourke confesses to white privilege and then amplifies it. \"I'll tell you I also happen to be the only candidate from the United States/Mexico border at a time that that dominates so much of our national conversation and legislative efforts and the things that the president talks about. There's one candidate who's there who can talk about the profoundly positive impact that immigrants have had on our safety and our security, as well as our success and our strength\" Um, Julian Castro? Sen. Kamala Harris (D-Calif.)?</p></div>", "displayed_text": "<div><p>Morning Bits: Trump\u2019s megaphone amplifies white nationalism</p><p style='font-size:12pt;font-weight:400;'>President Trump amplifies Islamophobia. \"Fox News bumps 'Judge Jeanine' after remarks about Rep. Omar's hijab. Trump wants her back on air.\"</p><p style='font-size:12pt;font-weight:400;'>Trump's amplifies tasteless political rhetoric. \"Sen. Chris Coons (D-Del.) on Sunday called on President Donald Trump to apologize for trashing the late John McCain on Twitter during the weekend, and backed the departed Arizona Republican for delivering to the FBI the so-called dossier on Trump's alleged ties to Russia.\"</p><p style='font-size:12pt;font-weight:400;'>The college admissions scandal amplifies issues regarding class and race. \"The outrage over the scam laid out by federal prosecutors has opened a new battleground in the <span style=\"background-color:yellow;\">affirmative action</span> war. Opponents of the policy say the allegations bolster their arguments that elite colleges can't be trusted to vet students impartially. Defenders of racial preferences say, 'There's a lot more kids at elite colleges because their parents are rich than because they're brown or black.'\"</p><p style='font-size:12pt;font-weight:400;'>Sen. Amy Klobuchar (D-Minn.) knocks Trump for amplifying racial and religious hatred. \"His rhetoric doesn't help. . . . At the very least he is dividing me.\"</p><p style='font-size:12pt;font-weight:400;'>Unfortunately, Chris Wallace's network amplifies Trump' rhetoric. \"On Sunday morning's edition of Fox News Sunday, Wallace was careful to place blame for the shooting \u2014 which killed 49 people at two mosques in Christchurch, New Zealand \u2014 squarely on the terrorist who carried out the act, but called out Trump's history of stoking anti-Muslim, anti-immigrant sentiments in language similar to the killer's.\"</p><p style='font-size:12pt;font-weight:400;'>Trump's not the only politician who amplifies hateful messages. \"An anti-immigration lawmaker in Australia who has been criticized for blaming Muslim immigration for Friday's New Zealand shootings struck a teenager who smashed an egg on his head in Melbourne on Saturday.\"</p><p style='font-size:12pt;font-weight:400;'>Beto O'Rourke confesses to white privilege and then amplifies it. \"I'll tell you I also happen to be the only candidate from the United States/Mexico border at a time that that dominates so much of our national conversation and legislative efforts and the things that the president talks about. There's one candidate who's there who can talk about the profoundly positive impact that immigrants have had on our safety and our security, as well as our success and our strength\" Um, Julian Castro? Sen. Kamala Harris (D-Calif.)?</p></div>"}, "aa_opeds_sample/txt/2444131672.xml.txt": {"id": "aa_opeds_sample/txt/2444131672.xml.txt", "text": "<div><p>Ruth Bader Ginsburg was all I wanted to be</p><p style='font-size:12pt;font-weight:400;'>I was in my late 20s, attending a conference for women lawyers in the 1970s. I sat in the front row of a large auditorium for the keynote address. The speaker was Ruth Bader Ginsburg, the founder of the American Civil Liberties Union Women's Rights Project. I was mesmerized.</p><p style='font-size:12pt;font-weight:400;'>She was all that I wanted to be. To devote one's life to the fight for civil rights, to use legal skills to effect justice, better yet to make a difference \u2014 I could think of nothing greater. And I was not alone; generations of civil rights lawyers looked to emulate her.</p><p style='font-size:12pt;font-weight:400;'>Ginsburg's vision of gender equality was decades ahead of her time. It went beyond just empowering women to compete for \"men's\" roles. While stereotypes distorted women's view of what was possible, they also impeded men, no less trapped in gender-based assumptions. Equality meant that both sexes should be free to assume all of society's roles without preconceptions. My son can be a caregiver; my daughter can be an executive. When the school administrators wanted Ginsburg to come to school to discuss her son's misconduct, she famously said, \"This child has two parents.\"</p><p style='font-size:12pt;font-weight:400;'>Her record as an advocate before the Supreme Court was outstanding; she argued six cases before the court, winning five. If she had done nothing else in her life, that alone would have been an extraordinary legacy.</p><p style='font-size:12pt;font-weight:400;'>While she continued to be animated by her life's passion for equality when she joined the court, she was not the \"activist\" caricature some in the media have portrayed her to be. She was anxious to avoid upending precedent, determined to be respectful of the opinions of her colleagues. She believed in incremental legal change and emphasized the limited role that a court plays in a constitutional democracy.</p><p style='font-size:12pt;font-weight:400;'>In Ginsburg's understanding, courts have a critical role to play in identifying new understandings of the Constitution, but they must do so by \"measured motions.\" They are part of a dialogue with other organs of government and with the people as well. She was critical of the reasoning in Roe v. Wade, because it had accomplished too much too soon. She was, as the New York Times's Linda Greenhouse described at the time of her confirmation, a \"judicial-restraint liberal.\"</p><p style='font-size:12pt;font-weight:400;'>She would apply the court's precedents but take pains to situate them in their social and historical context. A Ginsburg decision would tirelessly recount the history of gender-based classifications, the \"stunningly anachronistic\" generalizations about men and women, as she described them, that were embedded in the law.</p><p style='font-size:12pt;font-weight:400;'>When, shortly after she joined the court, she wrote the majority opinion requiring that women be admitted to the all-male Virginia Military Institute, her analysis was classic Ginsburg: a lengthy description of the school, its prestige, its role in preparing men and only men for high-status roles in government and industry. In cases challenging <span style=\"background-color:yellow;\">affirmative action</span> programs, she would recite the data that showed the persistence of racial inequity in housing, education and employment, the lingering effects of \"centuries of law-sanctioned inequality.\" She prefigured today's debate about systemic discrimination.</p><p style='font-size:12pt;font-weight:400;'>Ginsburg brought her own experiences to bear, insisting that legal rules be understood in \"the realities of the workplace,\" a reality she understood well. When a Supreme Court majority rejected Lilly Ledbetter's pay discrimination claim because she had sued too late, Ginsburg dissented, teaching her colleagues about how pay discrimination, unlike discrimination in promotions or hiring, was hidden from view; Ledbetter sued as soon as she found out about it. Goodwin Liu, a justice on the California Supreme Court and a former Ginsburg clerk, has said that when Ginsburg was recounting Ledbetter's story, she was also telling her own.</p><p style='font-size:12pt;font-weight:400;'>Her judicial influence has to be measured not simply in the decisions she authored, but also in the decisions of her colleagues and lower-court judges, I among them. It extends to areas far beyond gender and race discrimination, including cases about access to justice, disability discrimination, the right to counsel.</p><p style='font-size:12pt;font-weight:400;'>Ginsburg was a reluctant dissenter, concerned about the moral weight of a decision when the court did not speak in a single voice. But in recent years, her role changed with the court's shifting membership. She dissented more and more \u2014 when the majority gutted the Voting Rights Act or enabled businesses to opt out of contraceptive coverage for employees based on a broad religion-based exemption. She dissented when the majority spoke paternalistically about women who felt compelled to end a pregnancy in the second trimester.</p><p style='font-size:12pt;font-weight:400;'>In 2013, years after that conference at which I first heard her speak, I gave the Ruth Bader Ginsburg address at the New York City Bar Association. The justice introduced me, with an unforgettable sense of humor and warmth. Afterward, she sent me a gift, not a fancy academic treatise, but a signed book of her late husband's recipes, with a moving note. If I published my talk, she wanted to make certain that I included the story about Sadie, my mother. That story? Even though I had graduated Yale Law School, Sadie wanted me to take the Triborough Bridge toll taker's test \u2013 just in case!</p></div>", "displayed_text": "<div><p>Ruth Bader Ginsburg was all I wanted to be</p><p style='font-size:12pt;font-weight:400;'>I was in my late 20s, attending a conference for women lawyers in the 1970s. I sat in the front row of a large auditorium for the keynote address. The speaker was Ruth Bader Ginsburg, the founder of the American Civil Liberties Union Women's Rights Project. I was mesmerized.</p><p style='font-size:12pt;font-weight:400;'>She was all that I wanted to be. To devote one's life to the fight for civil rights, to use legal skills to effect justice, better yet to make a difference \u2014 I could think of nothing greater. And I was not alone; generations of civil rights lawyers looked to emulate her.</p><p style='font-size:12pt;font-weight:400;'>Ginsburg's vision of gender equality was decades ahead of her time. It went beyond just empowering women to compete for \"men's\" roles. While stereotypes distorted women's view of what was possible, they also impeded men, no less trapped in gender-based assumptions. Equality meant that both sexes should be free to assume all of society's roles without preconceptions. My son can be a caregiver; my daughter can be an executive. When the school administrators wanted Ginsburg to come to school to discuss her son's misconduct, she famously said, \"This child has two parents.\"</p><p style='font-size:12pt;font-weight:400;'>Her record as an advocate before the Supreme Court was outstanding; she argued six cases before the court, winning five. If she had done nothing else in her life, that alone would have been an extraordinary legacy.</p><p style='font-size:12pt;font-weight:400;'>While she continued to be animated by her life's passion for equality when she joined the court, she was not the \"activist\" caricature some in the media have portrayed her to be. She was anxious to avoid upending precedent, determined to be respectful of the opinions of her colleagues. She believed in incremental legal change and emphasized the limited role that a court plays in a constitutional democracy.</p><p style='font-size:12pt;font-weight:400;'>In Ginsburg's understanding, courts have a critical role to play in identifying new understandings of the Constitution, but they must do so by \"measured motions.\" They are part of a dialogue with other organs of government and with the people as well. She was critical of the reasoning in Roe v. Wade, because it had accomplished too much too soon. She was, as the New York Times's Linda Greenhouse described at the time of her confirmation, a \"judicial-restraint liberal.\"</p><p style='font-size:12pt;font-weight:400;'>She would apply the court's precedents but take pains to situate them in their social and historical context. A Ginsburg decision would tirelessly recount the history of gender-based classifications, the \"stunningly anachronistic\" generalizations about men and women, as she described them, that were embedded in the law.</p><p style='font-size:12pt;font-weight:400;'>When, shortly after she joined the court, she wrote the majority opinion requiring that women be admitted to the all-male Virginia Military Institute, her analysis was classic Ginsburg: a lengthy description of the school, its prestige, its role in preparing men and only men for high-status roles in government and industry. In cases challenging <span style=\"background-color:yellow;\">affirmative action</span> programs, she would recite the data that showed the persistence of racial inequity in housing, education and employment, the lingering effects of \"centuries of law-sanctioned inequality.\" She prefigured today's debate about systemic discrimination.</p><p style='font-size:12pt;font-weight:400;'>Ginsburg brought her own experiences to bear, insisting that legal rules be understood in \"the realities of the workplace,\" a reality she understood well. When a Supreme Court majority rejected Lilly Ledbetter's pay discrimination claim because she had sued too late, Ginsburg dissented, teaching her colleagues about how pay discrimination, unlike discrimination in promotions or hiring, was hidden from view; Ledbetter sued as soon as she found out about it. Goodwin Liu, a justice on the California Supreme Court and a former Ginsburg clerk, has said that when Ginsburg was recounting Ledbetter's story, she was also telling her own.</p><p style='font-size:12pt;font-weight:400;'>Her judicial influence has to be measured not simply in the decisions she authored, but also in the decisions of her colleagues and lower-court judges, I among them. It extends to areas far beyond gender and race discrimination, including cases about access to justice, disability discrimination, the right to counsel.</p><p style='font-size:12pt;font-weight:400;'>Ginsburg was a reluctant dissenter, concerned about the moral weight of a decision when the court did not speak in a single voice. But in recent years, her role changed with the court's shifting membership. She dissented more and more \u2014 when the majority gutted the Voting Rights Act or enabled businesses to opt out of contraceptive coverage for employees based on a broad religion-based exemption. She dissented when the majority spoke paternalistically about women who felt compelled to end a pregnancy in the second trimester.</p><p style='font-size:12pt;font-weight:400;'>In 2013, years after that conference at which I first heard her speak, I gave the Ruth Bader Ginsburg address at the New York City Bar Association. The justice introduced me, with an unforgettable sense of humor and warmth. Afterward, she sent me a gift, not a fancy academic treatise, but a signed book of her late husband's recipes, with a moving note. If I published my talk, she wanted to make certain that I included the story about Sadie, my mother. That story? Even though I had graduated Yale Law School, Sadie wanted me to take the Triborough Bridge toll taker's test \u2013 just in case!</p></div>"}, "aa_opeds_sample/txt/418950637.xml.txt": {"id": "aa_opeds_sample/txt/418950637.xml.txt", "text": "<div><p>ANOTHER JOKE FROM THE FIREFIGHTERS</p><p style='font-size:12pt;font-weight:400;'>With its cocky, mean-spirited initial contract offer, the Chicago Fire Fighters Union has performed an unwitting favor for Mayor Richard Daley and the people of Chicago. Now everyone knows drastic change is needed to root out the racism and pettiness that have infected Local 2 ever since its 1980 strike.</p><p style='font-size:12pt;font-weight:400;'>A leader of that bitter walkout was William Kugelman, then and now an outspoken opponent of <span style=\"background-color:yellow;\">affirmative action</span> who earlier this year was elected union president. A main contract issue, then and now, is the department's ability to consider performance--as well as test scores and longevity--in determining which candidates are promoted in rank. The idea, then and now, is to create a fire service command structure that roughly mirrors the diverse city it serves.</p><p style='font-size:12pt;font-weight:400;'>But even considering the history, Kugelman's opening shot in negotiations for a new contract is simply outrageous. And not because firefighters want to jack their pay by more than a third over the next 2 1/2 years, or change already-inefficient work rules even more in their favor. There's no harm asking for the moon, even though Daley would be derelict to accept changes that could double the fire budget.</p><p style='font-size:12pt;font-weight:400;'>What galls is a pathetic effort to turn back the clock on race. Local 2 would do away with the \"merit\" promotions that have allowed the advancement of some blacks and Hispanics (though not so many that the department has reached its stated goals.) The union is also asking for two more paid holidays: Arbor Day and Bud Billiken Day. Both are facetious but the latter is inflammatory. Kugelman & Co. must think themselves clever, asking for the day in late summer when black Chicago celebrates youth with a back-to-school parade on the South Side. Ha, ha.</p><p style='font-size:12pt;font-weight:400;'>Mayor Daley should use this next contract to implement the many reforms recommended by outside experts. Number one is to end racist buffoonery in the fire department. It's time to stand up to the so- called Brotherhood of the Barrel and all it represents.</p></div>", "displayed_text": "<div><p>ANOTHER JOKE FROM THE FIREFIGHTERS</p><p style='font-size:12pt;font-weight:400;'>With its cocky, mean-spirited initial contract offer, the Chicago Fire Fighters Union has performed an unwitting favor for Mayor Richard Daley and the people of Chicago. Now everyone knows drastic change is needed to root out the racism and pettiness that have infected Local 2 ever since its 1980 strike.</p><p style='font-size:12pt;font-weight:400;'>A leader of that bitter walkout was William Kugelman, then and now an outspoken opponent of <span style=\"background-color:yellow;\">affirmative action</span> who earlier this year was elected union president. A main contract issue, then and now, is the department's ability to consider performance--as well as test scores and longevity--in determining which candidates are promoted in rank. The idea, then and now, is to create a fire service command structure that roughly mirrors the diverse city it serves.</p><p style='font-size:12pt;font-weight:400;'>But even considering the history, Kugelman's opening shot in negotiations for a new contract is simply outrageous. And not because firefighters want to jack their pay by more than a third over the next 2 1/2 years, or change already-inefficient work rules even more in their favor. There's no harm asking for the moon, even though Daley would be derelict to accept changes that could double the fire budget.</p><p style='font-size:12pt;font-weight:400;'>What galls is a pathetic effort to turn back the clock on race. Local 2 would do away with the \"merit\" promotions that have allowed the advancement of some blacks and Hispanics (though not so many that the department has reached its stated goals.) The union is also asking for two more paid holidays: Arbor Day and Bud Billiken Day. Both are facetious but the latter is inflammatory. Kugelman & Co. must think themselves clever, asking for the day in late summer when black Chicago celebrates youth with a back-to-school parade on the South Side. Ha, ha.</p><p style='font-size:12pt;font-weight:400;'>Mayor Daley should use this next contract to implement the many reforms recommended by outside experts. Number one is to end racist buffoonery in the fire department. It's time to stand up to the so- called Brotherhood of the Barrel and all it represents.</p></div>"}, "Affirmative-Action-Essays-end.html": {"id": "Affirmative-Action-Essays-end.html", "text": "end", "displayed_text": "end"}}